Selection,View,Channel,BeginTime_s_,EndTime_s_,LowFreq_Hz_,HighFreq_Hz_,BeginDate,BeginClockTime,EndClockTime,SNR_DB,Confidence__,Class,Cod_Y_N__
23,Spectrogram 1,9,762.8,763.03,66.9,335.9,2013/11/17,00:12:42.800,00:12:43.030,4,56.3,Acod,Y
560,Spectrogram 1,9,23807.2,23807.43,62.5,335.9,2013/11/17,06:36:47.200,06:36:47.430,2.5,45.5,Acod,Y
574,Spectrogram 1,9,24089.1,24089.32,51.9,328.1,2013/11/17,06:41:29.100,06:41:29.320,5.4,59.8,Acod,Y
596,Spectrogram 1,9,24533.4,24533.63,20,289.1,2013/11/17,06:48:53.400,06:48:53.630,7.5,65.2,Acod,Y
598,Spectrogram 1,9,24544.3,24544.41,63.7,257.8,2013/11/17,06:49:04.300,06:49:04.410,5.4,82.6,Acod,Y
599,Spectrogram 1,9,24544.3,24544.42,22.2,250,2013/11/17,06:49:04.300,06:49:04.420,5.6,85.9,Acod,Y
603,Spectrogram 1,9,24583.6,24583.86,28.4,320.3,2013/11/17,06:49:43.600,06:49:43.860,2.9,45.3,Acod,Y
707,Spectrogram 1,9,28123.8,28124,20,335.9,2013/11/17,07:48:43.800,07:48:44.000,4.8,37.3,Acod,Y
1137,Spectrogram 1,9,40123.5,40123.66,71.1,320.3,2013/11/17,11:08:43.500,11:08:43.660,4,39.8,Acod,Y
1206,Spectrogram 1,9,43128.6,43128.72,20,328.1,2013/11/17,11:58:48.600,11:58:48.720,10.7,100,Acod,Y
1208,Spectrogram 1,9,43152.9,43153.09,20,281.3,2013/11/17,11:59:12.900,11:59:13.090,8.4,100,Acod,Y
1210,Spectrogram 1,9,43160.1,43160.24,93.8,328.1,2013/11/17,11:59:20.100,11:59:20.240,9.4,87.9,Acod,Y
1211,Spectrogram 1,9,43163.6,43163.79,60.1,335.9,2013/11/17,11:59:23.600,11:59:23.790,17.4,100,Acod,Y
1213,Spectrogram 1,9,43202.4,43202.59,85.3,335.9,2013/11/17,12:00:02.400,12:00:02.590,9.9,100,Acod,Y
1214,Spectrogram 1,9,43206.3,43206.46,20,335.9,2013/11/17,12:00:06.300,12:00:06.460,8.1,100,Acod,Y
1215,Spectrogram 1,9,43215.9,43216.1,20,328.1,2013/11/17,12:00:15.900,12:00:16.100,8.1,100,Acod,Y
1217,Spectrogram 1,9,43227.2,43227.36,26.2,328.1,2013/11/17,12:00:27.200,12:00:27.360,7.3,100,Acod,Y
1220,Spectrogram 1,9,43230.1,43230.31,20,335.9,2013/11/17,12:00:30.100,12:00:30.310,7.3,100,Acod,Y
1530,Spectrogram 1,9,59134.3,59134.44,20,335.9,2013/11/17,16:25:34.300,16:25:34.440,9.1,37.4,Acod,Y
1531,Spectrogram 1,9,59136.6,59136.75,71.9,335.9,2013/11/17,16:25:36.600,16:25:36.750,9.9,37.4,Acod,Y
1532,Spectrogram 1,9,59137.9,59138.04,67.9,320.3,2013/11/17,16:25:37.900,16:25:38.040,5.7,54.9,Acod,Y
1548,Spectrogram 1,9,59580.6,59580.74,85.9,250,2013/11/17,16:33:00.600,16:33:00.740,5.7,38.3,Acod,Y
1562,Spectrogram 1,9,60215.8,60216.06,46.6,320.3,2013/11/17,16:43:35.800,16:43:36.060,4.7,86,Acod,Y
1698,Spectrogram 1,9,65795.4,65795.59,83.3,335.9,2013/11/17,18:16:35.400,18:16:35.590,9.2,37.4,Acod,Y
1716,Spectrogram 1,9,66364.2,66364.37,46.7,335.9,2013/11/17,18:26:04.200,18:26:04.370,5.5,39.5,Acod,Y
1723,Spectrogram 1,9,66463.1,66463.3,58.1,328.1,2013/11/17,18:27:43.100,18:27:43.300,4.6,67.2,Acod,Y
1744,Spectrogram 1,9,67144.5,67144.69,20,328.1,2013/11/17,18:39:04.500,18:39:04.690,6.8,37.4,Acod,Y
1809,Spectrogram 1,9,69019.3,69019.49,35.8,328.1,2013/11/17,19:10:19.300,19:10:19.490,4.1,65.1,Acod,Y
1812,Spectrogram 1,9,69051.3,69051.42,55.6,320.3,2013/11/17,19:10:51.300,19:10:51.420,6.2,97.8,Acod,Y
1820,Spectrogram 1,9,69231,69231.23,31.7,335.9,2013/11/17,19:13:51.000,19:13:51.230,4.7,43.5,Acod,Y
1827,Spectrogram 1,9,69539.8,69540,20,312.5,2013/11/17,19:18:59.800,19:19:00.000,3.8,37.1,Acod,Y
1838,Spectrogram 1,9,70025.7,70025.87,72.8,328.1,2013/11/17,19:27:05.700,19:27:05.870,5.3,85.8,Acod,Y
1841,Spectrogram 1,9,70147.7,70147.86,20,304.7,2013/11/17,19:29:07.700,19:29:07.860,5.4,76.4,Acod,Y
1846,Spectrogram 1,9,70409.5,70409.75,20,304.7,2013/11/17,19:33:29.500,19:33:29.750,4.3,39.3,Acod,Y
2010,Spectrogram 1,9,78175.1,78175.32,20,320.3,2013/11/17,21:42:55.100,21:42:55.320,6.3,66.5,Acod,Y
2012,Spectrogram 1,9,78193.5,78193.69,20,328.1,2013/11/17,21:43:13.500,21:43:13.690,6.3,74.4,Acod,Y
2014,Spectrogram 1,9,78210.8,78210.98,54.7,320.3,2013/11/17,21:43:30.800,21:43:30.980,4.1,59.4,Acod,Y
2024,Spectrogram 1,9,78821.8,78821.98,70.3,304.7,2013/11/17,21:53:41.800,21:53:41.980,8,37.2,Acod,Y
2025,Spectrogram 1,9,78832.3,78832.491774194,77.044,328.1,2013/11/17,21:53:52.300,21:53:52.491,9.5,37.4,Acod,Y
2026,Spectrogram 1,9,78832.8,78832.94,62.5,320.3,2013/11/17,21:53:52.800,21:53:52.940,8.9,74.1,Acod,Y
2030,Spectrogram 1,9,78854.6,78854.73,20,335.9,2013/11/17,21:54:14.600,21:54:14.730,7.7,39.9,Acod,Y
2061,Spectrogram 1,9,79599.8,79599.95,57.1,320.3,2013/11/17,22:06:39.800,22:06:39.950,7.5,41.1,Acod,Y
2130,Spectrogram 1,9,81907.1,81907.21,24.7,320.3,2013/11/17,22:45:07.100,22:45:07.210,5.9,100,Acod,Y
964,Spectrogram 1,9,47328.7,47328.81,47.2,312.5,2013/11/18,13:08:48.700,13:08:48.810,8.9,37.1,Acod,Y
968,Spectrogram 1,9,47488.3,47488.42,46.5,328.1,2013/11/18,13:11:28.300,13:11:28.420,2.3,44.2,Acod,Y
1002,Spectrogram 1,9,48721.8,48722.02,26.3,312.5,2013/11/18,13:32:01.800,13:32:02.020,3.5,50.1,Acod,Y
1042,Spectrogram 1,9,51228.2,51228.47,20,335.9,2013/11/18,14:13:48.200,14:13:48.470,5.5,59.2,Acod,Y
1052,Spectrogram 1,9,51809.3,51809.53,78.1,328.1,2013/11/18,14:23:29.300,14:23:29.530,3.7,89.9,Acod,Y
1079,Spectrogram 1,9,53159.2,53159.45,20,328.1,2013/11/18,14:45:59.200,14:45:59.450,3.7,52.2,Acod,Y
1081,Spectrogram 1,9,53170.5,53170.68,36.3,335.9,2013/11/18,14:46:10.500,14:46:10.680,4.5,72.5,Acod,Y
1091,Spectrogram 1,9,53456.7,53456.91,20,328.1,2013/11/18,14:50:56.700,14:50:56.910,5.2,37.4,Acod,Y
1094,Spectrogram 1,9,53770.2,53770.33,45.7,320.3,2013/11/18,14:56:10.200,14:56:10.330,6.1,61,Acod,Y
1097,Spectrogram 1,9,53820.3,53820.48,54.7,281.3,2013/11/18,14:57:00.300,14:57:00.480,5.6,95,Acod,Y
1134,Spectrogram 1,9,55108.5,55108.77,85.9,335.9,2013/11/18,15:18:28.500,15:18:28.770,3.3,79.9,Acod,Y
1141,Spectrogram 1,9,55287.1,55287.32,41.8,335.9,2013/11/18,15:21:27.100,15:21:27.320,2.9,67.3,Acod,Y
1147,Spectrogram 1,9,55498.2,55498.4,20.2,328.1,2013/11/18,15:24:58.200,15:24:58.400,4,69.9,Acod,Y
1174,Spectrogram 1,9,57336.7,57336.89,20,320.3,2013/11/18,15:55:36.700,15:55:36.890,4.1,64.2,Acod,Y
1176,Spectrogram 1,9,57338.3,57338.45,70.3,335.9,2013/11/18,15:55:38.300,15:55:38.450,3,77.6,Acod,Y
1180,Spectrogram 1,9,57356,57356.15,40.9,296.9,2013/11/18,15:55:56.000,15:55:56.150,6.4,100,Acod,Y
1187,Spectrogram 1,9,57512.9,57513.06,40.6,312.5,2013/11/18,15:58:32.900,15:58:33.060,6.6,100,Acod,Y
1188,Spectrogram 1,9,57512.9,57513.06,40.6,312.5,2013/11/18,15:58:32.900,15:58:33.060,6.6,100,Acod,Y
1207,Spectrogram 1,9,58643.4,58643.54,69.6,328.1,2013/11/18,16:17:23.400,16:17:23.540,4.7,76.4,Acod,Y
1213,Spectrogram 1,9,58719.5,58719.7,70.3,304.7,2013/11/18,16:18:39.500,16:18:39.700,3.2,67,Acod,Y
1222,Spectrogram 1,9,59044.5,59044.64,78.1,328.1,2013/11/18,16:24:04.500,16:24:04.640,4.1,88.3,Acod,Y
1228,Spectrogram 1,9,59323.2,59323.4,46.3,328.1,2013/11/18,16:28:43.200,16:28:43.400,5.4,37.4,Acod,Y
1235,Spectrogram 1,9,59545.9,59546.09,70.3,312.5,2013/11/18,16:32:25.900,16:32:26.090,3.1,79.1,Acod,Y
1260,Spectrogram 1,9,60607.4,60607.61,20,312.5,2013/11/18,16:50:07.400,16:50:07.610,4.3,81.4,Acod,Y
1261,Spectrogram 1,9,60607.4,60607.61,20,312.5,2013/11/18,16:50:07.400,16:50:07.610,4.3,81.4,Acod,Y
1267,Spectrogram 1,9,60976.9,60977.13,66.6,335.9,2013/11/18,16:56:16.900,16:56:17.130,6.1,65.1,Acod,Y
1269,Spectrogram 1,9,61003.4,61003.56,22.3,335.9,2013/11/18,16:56:43.400,16:56:43.560,3.6,45.7,Acod,Y
1276,Spectrogram 1,9,61384.3,61384.48,78.9,335.9,2013/11/18,17:03:04.300,17:03:04.480,5.6,79.2,Acod,Y
1328,Spectrogram 1,9,62598.7,62598.82,93.8,304.7,2013/11/18,17:23:18.700,17:23:18.820,4.8,79.2,Acod,Y
1390,Spectrogram 1,9,64519,64519.13,28.7,328.1,2013/11/18,17:55:19.000,17:55:19.130,3.4,84.5,Acod,Y
1416,Spectrogram 1,9,65092.1,65092.25,25.3,312.5,2013/11/18,18:04:52.100,18:04:52.250,3.4,72.4,Acod,Y
1449,Spectrogram 1,9,65540,65540.11,78.1,312.5,2013/11/18,18:12:20.000,18:12:20.110,4.2,39.9,Acod,Y
1453,Spectrogram 1,9,65589.7,65589.87,78.1,320.3,2013/11/18,18:13:09.700,18:13:09.870,4.6,72,Acod,Y
1458,Spectrogram 1,9,65665.2,65665.44,60.9,335.9,2013/11/18,18:14:25.200,18:14:25.440,2.6,38.3,Acod,Y
1547,Spectrogram 1,9,67530,67530.25,20,304.7,2013/11/18,18:45:30.000,18:45:30.250,4.9,99.8,Acod,Y
1613,Spectrogram 1,9,68895.7,68895.86,20,320.3,2013/11/18,19:08:15.700,19:08:15.860,6.2,60.5,Acod,Y
1738,Spectrogram 1,9,71459.7,71459.84,78.1,335.9,2013/11/18,19:50:59.700,19:50:59.840,3,68.1,Acod,Y
1739,Spectrogram 1,9,71469.2,71469.31,70.9,320.3,2013/11/18,19:51:09.200,19:51:09.310,6.2,47.5,Acod,Y
1750,Spectrogram 1,9,71689.9,71690.08,35.7,335.9,2013/11/18,19:54:49.900,19:54:50.080,3.7,81.1,Acod,Y
1794,Spectrogram 1,9,72519.8,72519.94,78.1,320.3,2013/11/18,20:08:39.800,20:08:39.940,3.2,54.6,Acod,Y
1799,Spectrogram 1,9,72627.5,72627.7,53.8,296.9,2013/11/18,20:10:27.500,20:10:27.700,5.4,58.1,Acod,Y
1815,Spectrogram 1,9,72838.2,72838.35,78.1,320.3,2013/11/18,20:13:58.200,20:13:58.350,5.5,47.9,Acod,Y
1818,Spectrogram 1,9,72895.4,72895.62,20,335.9,2013/11/18,20:14:55.400,20:14:55.620,4.3,37.5,Acod,Y
1855,Spectrogram 1,9,73648.6,73648.79,57.6,312.5,2013/11/18,20:27:28.600,20:27:28.790,2.9,38.9,Acod,Y
1856,Spectrogram 1,9,73648.6,73648.79,57.6,312.5,2013/11/18,20:27:28.600,20:27:28.790,2.9,38.9,Acod,Y
1927,Spectrogram 1,9,74820,74820.11,65.3,328.1,2013/11/18,20:47:00.000,20:47:00.110,7.2,45.8,Acod,Y
1965,Spectrogram 1,9,75325.9,75326.08,46.7,312.5,2013/11/18,20:55:25.900,20:55:26.080,4.4,65.5,Acod,Y
1996,Spectrogram 1,9,75647.6,75647.68,80.8,320.3,2013/11/18,21:00:47.600,21:00:47.680,4,66.3,Acod,Y
1997,Spectrogram 1,9,75647.6,75647.68,80.8,320.3,2013/11/18,21:00:47.600,21:00:47.680,4,66.3,Acod,Y
2000,Spectrogram 1,9,75696.6,75696.76,68.6,312.5,2013/11/18,21:01:36.600,21:01:36.760,1.9,48.9,Acod,Y
2045,Spectrogram 1,9,76300.9,76301.18,70.3,320.3,2013/11/18,21:11:40.900,21:11:41.180,2,45.3,Acod,Y
2046,Spectrogram 1,9,76300.9,76301.18,70.3,320.3,2013/11/18,21:11:40.900,21:11:41.180,3.1,74.6,Acod,Y
2047,Spectrogram 1,9,76307.5,76307.65,38.4,335.9,2013/11/18,21:11:47.500,21:11:47.650,2.9,62.5,Acod,Y
2051,Spectrogram 1,9,76342.5,76342.68,20,335.9,2013/11/18,21:12:22.500,21:12:22.680,3.3,39.2,Acod,Y
2059,Spectrogram 1,9,76399.1,76399.27,37,304.7,2013/11/18,21:13:19.100,21:13:19.270,3.3,40,Acod,Y
2082,Spectrogram 1,9,76553.7,76553.88,54.7,320.3,2013/11/18,21:15:53.700,21:15:53.880,3.2,80,Acod,Y
2085,Spectrogram 1,9,76571.7,76571.85,20,328.1,2013/11/18,21:16:11.700,21:16:11.850,5.2,48.1,Acod,Y
2155,Spectrogram 1,9,77313.3,77313.51,20.7,328.1,2013/11/18,21:28:33.300,21:28:33.510,5.6,44.6,Acod,Y
2187,Spectrogram 1,9,77750.9,77751.12,53,328.1,2013/11/18,21:35:50.900,21:35:51.120,3.6,49.8,Acod,Y
2193,Spectrogram 1,9,77820.4,77820.53,44.5,335.9,2013/11/18,21:37:00.400,21:37:00.530,2.5,36.9,Acod,Y
2233,Spectrogram 1,9,78390.7,78390.84,85.9,335.9,2013/11/18,21:46:30.700,21:46:30.840,6.5,39,Acod,Y
2247,Spectrogram 1,9,78456.3,78456.43,56.1,335.9,2013/11/18,21:47:36.300,21:47:36.430,4.8,74.6,Acod,Y
2252,Spectrogram 1,9,78477,78477.12,54.7,335.9,2013/11/18,21:47:57.000,21:47:57.120,6.5,100,Acod,Y
2287,Spectrogram 1,9,78965.8,78966.02,45.7,320.3,2013/11/18,21:56:05.800,21:56:06.020,3.7,69.1,Acod,Y
2288,Spectrogram 1,9,78965.8,78966.02,45.7,320.3,2013/11/18,21:56:05.800,21:56:06.020,3.7,69.1,Acod,Y
2339,Spectrogram 1,9,79974.6,79974.76,74.3,328.1,2013/11/18,22:12:54.600,22:12:54.760,3.8,61.8,Acod,Y
2340,Spectrogram 1,9,79974.6,79974.76,74.3,328.1,2013/11/18,22:12:54.600,22:12:54.760,3.8,61.8,Acod,Y
2346,Spectrogram 1,9,80021.8,80021.93,70.6,335.9,2013/11/18,22:13:41.800,22:13:41.930,3.7,77.1,Acod,Y
2347,Spectrogram 1,9,80047.5,80047.73,92.1,312.5,2013/11/18,22:14:07.500,22:14:07.730,3.8,39.2,Acod,Y
2356,Spectrogram 1,9,80190.8,80190.99,38.7,320.3,2013/11/18,22:16:30.800,22:16:30.990,3,40.6,Acod,Y
2357,Spectrogram 1,9,80190.8,80190.98,54.7,312.5,2013/11/18,22:16:30.800,22:16:30.980,4,94,Acod,Y
2388,Spectrogram 1,9,81033.7,81033.99,20,328.1,2013/11/18,22:30:33.700,22:30:33.990,1.8,38.6,Acod,Y
2428,Spectrogram 1,9,81738.2,81738.42,85.9,328.1,2013/11/18,22:42:18.200,22:42:18.420,3.5,44,Acod,Y
2430,Spectrogram 1,9,81746.7,81746.89,48.8,328.1,2013/11/18,22:42:26.700,22:42:26.890,4.7,99.5,Acod,Y
2482,Spectrogram 1,9,82731.5,82731.69,22.5,335.9,2013/11/18,22:58:51.500,22:58:51.690,3.5,66.6,Acod,Y
2487,Spectrogram 1,9,82844.4,82844.61,77.4,320.3,2013/11/18,23:00:44.400,23:00:44.610,3.3,50.7,Acod,Y
2510,Spectrogram 1,9,83208.7,83208.85,70.3,335.9,2013/11/18,23:06:48.700,23:06:48.850,3.8,55.2,Acod,Y
2516,Spectrogram 1,9,83315.1,83315.29,50.6,328.1,2013/11/18,23:08:35.100,23:08:35.290,2.8,37.6,Acod,Y
2550,Spectrogram 1,9,84148.1,84148.31,85.3,320.3,2013/11/18,23:22:28.100,23:22:28.310,2.4,59.1,Acod,Y
12,Spectrogram 1,9,289.1,289.17,67.9,335.9,2013/11/19,00:04:49.100,00:04:49.170,6.4,98.1,Acod,Y
121,Spectrogram 1,9,2934.7,2934.89,20,304.7,2013/11/19,00:48:54.700,00:48:54.890,4.6,45.8,Acod,Y
122,Spectrogram 1,9,2934.7,2934.93,25,304.7,2013/11/19,00:48:54.700,00:48:54.930,3.7,62.3,Acod,Y
353,Spectrogram 1,9,9505.5,9505.69,49.1,328.1,2013/11/19,02:38:25.500,02:38:25.690,4.6,37.1,Acod,Y
598,Spectrogram 1,9,14592.3,14592.35,80.9,335.9,2013/11/19,04:03:12.300,04:03:12.350,3.6,41.5,Acod,Y
1031,Spectrogram 1,9,33013,33013.12,62.5,328.1,2013/11/19,09:10:13.000,09:10:13.120,7.4,100,Acod,Y
1035,Spectrogram 1,9,33041.1,33041.26,63.3,328.1,2013/11/19,09:10:41.100,09:10:41.260,10.4,47.9,Acod,Y
1036,Spectrogram 1,9,33050.5,33050.69,52.6,312.5,2013/11/19,09:10:50.500,09:10:50.690,9.1,98.3,Acod,Y
1037,Spectrogram 1,9,33053.8,33053.95,64.1,328.1,2013/11/19,09:10:53.800,09:10:53.950,8.7,86.8,Acod,Y
1102,Spectrogram 1,9,36104.8,36104.92,38.5,312.5,2013/11/19,10:01:44.800,10:01:44.920,2.7,43,Acod,Y
1145,Spectrogram 1,9,38717.7,38717.84,38.3,312.5,2013/11/19,10:45:17.700,10:45:17.840,8.5,100,Acod,Y
1146,Spectrogram 1,9,38725.3,38725.4,62.5,328.1,2013/11/19,10:45:25.300,10:45:25.400,7.4,87.3,Acod,Y
1147,Spectrogram 1,9,38726.9,38727.07,41.7,320.3,2013/11/19,10:45:26.900,10:45:27.070,7.4,37.4,Acod,Y
1148,Spectrogram 1,9,38755.1,38755.29,85.9,335.9,2013/11/19,10:45:55.100,10:45:55.290,8.1,94.1,Acod,Y
1149,Spectrogram 1,9,38758.5,38758.6,62.5,312.5,2013/11/19,10:45:58.500,10:45:58.600,5.7,37.4,Acod,Y
1150,Spectrogram 1,9,38759.7,38759.8,54.7,320.3,2013/11/19,10:45:59.700,10:45:59.800,5.3,49.8,Acod,Y
1152,Spectrogram 1,9,38761.1,38761.23,54.7,335.9,2013/11/19,10:46:01.100,10:46:01.230,5.6,91.9,Acod,Y
1155,Spectrogram 1,9,38843.3,38843.47,93.8,335.9,2013/11/19,10:47:23.300,10:47:23.470,4.1,53,Acod,Y
1156,Spectrogram 1,9,38843.9,38844.06,53.9,320.3,2013/11/19,10:47:23.900,10:47:24.060,2.6,67.8,Acod,Y
1175,Spectrogram 1,9,39895,39895.15,20,328.1,2013/11/19,11:04:55.000,11:04:55.150,7,85.3,Acod,Y
1178,Spectrogram 1,9,40122.6,40122.74,78.4,328.1,2013/11/19,11:08:42.600,11:08:42.740,16.9,100,Acod,Y
1179,Spectrogram 1,9,40172.9,40173.08,20,296.9,2013/11/19,11:09:32.900,11:09:33.080,9.5,85.4,Acod,Y
1180,Spectrogram 1,9,40177.8,40177.96,44.5,335.9,2013/11/19,11:09:37.800,11:09:37.960,7.5,83.3,Acod,Y
1183,Spectrogram 1,9,40306.3,40306.46,70.6,328.1,2013/11/19,11:11:46.300,11:11:46.460,6.2,97.5,Acod,Y
1185,Spectrogram 1,9,40453.2,40453.38,77.8,328.1,2013/11/19,11:14:13.200,11:14:13.380,8.4,100,Acod,Y
1193,Spectrogram 1,9,40677.2,40677.38,54.7,320.3,2013/11/19,11:17:57.200,11:17:57.380,6.6,37.4,Acod,Y
1194,Spectrogram 1,9,40686,40686.09,64.9,328.1,2013/11/19,11:18:06.000,11:18:06.090,6.1,96.4,Acod,Y
1196,Spectrogram 1,9,40697.9,40698.09,20,335.9,2013/11/19,11:18:17.900,11:18:18.090,5,84.4,Acod,Y
1199,Spectrogram 1,9,40734.6,40734.76,25.6,328.1,2013/11/19,11:18:54.600,11:18:54.760,6.7,68.4,Acod,Y
1200,Spectrogram 1,9,40762.9,40763.05,33.4,312.5,2013/11/19,11:19:22.900,11:19:23.050,6.1,96.7,Acod,Y
1201,Spectrogram 1,9,40773.7,40773.78,20,328.1,2013/11/19,11:19:33.700,11:19:33.780,6.7,67.4,Acod,Y
1202,Spectrogram 1,9,40779.4,40779.49,73.1,320.3,2013/11/19,11:19:39.400,11:19:39.490,6.2,82,Acod,Y
1203,Spectrogram 1,9,40806.6,40806.74,54.7,320.3,2013/11/19,11:20:06.600,11:20:06.740,5,100,Acod,Y
1204,Spectrogram 1,9,40813.7,40813.9,78.1,312.5,2013/11/19,11:20:13.700,11:20:13.900,3.4,59.2,Acod,Y
1206,Spectrogram 1,9,40825.8,40825.99,54.7,335.9,2013/11/19,11:20:25.800,11:20:25.990,4.2,91.8,Acod,Y
1207,Spectrogram 1,9,40838.1,40838.27,20,335.9,2013/11/19,11:20:38.100,11:20:38.270,6,98.7,Acod,Y
1208,Spectrogram 1,9,40838.1,40838.27,20,335.9,2013/11/19,11:20:38.100,11:20:38.270,6,98.7,Acod,Y
1209,Spectrogram 1,9,40854.9,40855.09,54.7,320.3,2013/11/19,11:20:54.900,11:20:55.090,4.7,90.4,Acod,Y
1210,Spectrogram 1,9,40858.7,40858.92,62.5,328.1,2013/11/19,11:20:58.700,11:20:58.920,12.9,61.3,Acod,Y
1213,Spectrogram 1,9,40971.8,40971.97,20,265.6,2013/11/19,11:22:51.800,11:22:51.970,7.9,100,Acod,Y
1219,Spectrogram 1,9,41404.9,41405.03,20,328.1,2013/11/19,11:30:04.900,11:30:05.030,10.2,100,Acod,Y
1220,Spectrogram 1,9,41447.3,41447.45,47.2,328.1,2013/11/19,11:30:47.300,11:30:47.450,9.3,97.9,Acod,Y
1224,Spectrogram 1,9,41582.1,41582.33,44.5,328.1,2013/11/19,11:33:02.100,11:33:02.330,8,36.8,Acod,Y
1226,Spectrogram 1,9,41662,41662.18,71.1,312.5,2013/11/19,11:34:22.000,11:34:22.180,9,100,Acod,Y
1229,Spectrogram 1,9,41852.7,41852.83,71.6,328.1,2013/11/19,11:37:32.700,11:37:32.830,9,83.5,Acod,Y
1233,Spectrogram 1,9,41919,41919.08,72.9,320.3,2013/11/19,11:38:39.000,11:38:39.080,7,85.5,Acod,Y
1234,Spectrogram 1,9,41969.1,41969.21,78.1,312.5,2013/11/19,11:39:29.100,11:39:29.210,5.5,79.1,Acod,Y
1255,Spectrogram 1,9,43153.2,43153.34,44.6,320.3,2013/11/19,11:59:13.200,11:59:13.340,4.7,99.3,Acod,Y
1332,Spectrogram 1,9,52276.3,52276.54,26.2,328.1,2013/11/19,14:31:16.300,14:31:16.540,4,78.7,Acod,Y
1463,Spectrogram 1,9,60087.9,60088.02,85.9,281.3,2013/11/19,16:41:27.900,16:41:28.020,2.6,46.7,Acod,Y
1547,Spectrogram 1,9,63552.4,63552.55,26.2,335.9,2013/11/19,17:39:12.400,17:39:12.550,5.4,37.3,Acod,Y
1787,Spectrogram 1,9,79585,79585.16,78.1,328.1,2013/11/19,22:06:25.000,22:06:25.160,5.9,37.4,Acod,Y
1788,Spectrogram 1,9,79585,79585.16,78.1,328.1,2013/11/19,22:06:25.000,22:06:25.160,5.9,37.4,Acod,Y
1789,Spectrogram 1,9,79588.7,79588.8,70.9,328.1,2013/11/19,22:06:28.700,22:06:28.800,5.2,85.5,Acod,Y
1790,Spectrogram 1,9,79612.8,79612.95,78.1,320.3,2013/11/19,22:06:52.800,22:06:52.950,17.7,100,Acod,Y
1791,Spectrogram 1,9,79615,79615.14,63.4,335.9,2013/11/19,22:06:55.000,22:06:55.140,15.9,100,Acod,Y
1792,Spectrogram 1,9,79615.7,79615.81,78.1,320.3,2013/11/19,22:06:55.700,22:06:55.810,13.3,100,Acod,Y
1793,Spectrogram 1,9,79656.3,79656.45,41.5,335.9,2013/11/19,22:07:36.300,22:07:36.450,21.2,100,Acod,Y
1794,Spectrogram 1,9,79674.7,79674.78,70.3,320.3,2013/11/19,22:07:54.700,22:07:54.780,18.9,100,Acod,Y
1795,Spectrogram 1,9,79684.4,79684.56,78.1,304.7,2013/11/19,22:08:04.400,22:08:04.560,14.9,100,Acod,Y
1796,Spectrogram 1,9,79745.4,79745.53,55.5,320.3,2013/11/19,22:09:05.400,22:09:05.530,8.2,68.5,Acod,Y
1799,Spectrogram 1,9,79872.8,79872.92,78.1,335.9,2013/11/19,22:11:12.800,22:11:12.920,4.3,95.8,Acod,Y
1800,Spectrogram 1,9,79881.4,79881.51,20,328.1,2013/11/19,22:11:21.400,22:11:21.510,7.4,56.5,Acod,Y
1801,Spectrogram 1,9,79893.2,79893.36,20,335.9,2013/11/19,22:11:33.200,22:11:33.360,7.4,98.9,Acod,Y
149,Spectrogram 1,9,7755.1,7755.33,85.9,320.3,2013/11/20,02:09:15.100,02:09:15.330,5.1,95.4,Acod,Y
150,Spectrogram 1,9,7755.1,7755.32,75.4,304.7,2013/11/20,02:09:15.100,02:09:15.320,5.2,99.3,Acod,Y
153,Spectrogram 1,9,7798.7,7798.95,75.9,312.5,2013/11/20,02:09:58.700,02:09:58.950,4.1,40,Acod,Y
155,Spectrogram 1,9,7807.6,7807.74,20,289.1,2013/11/20,02:10:07.600,02:10:07.740,8.5,37.4,Acod,Y
156,Spectrogram 1,9,7811.1,7811.3,77.4,304.7,2013/11/20,02:10:11.100,02:10:11.300,9.4,100,Acod,Y
157,Spectrogram 1,9,7813.3,7813.49,85.9,335.9,2013/11/20,02:10:13.300,02:10:13.490,8.8,37.4,Acod,Y
158,Spectrogram 1,9,7815,7815.16,78.1,312.5,2013/11/20,02:10:15.000,02:10:15.160,9.3,100,Acod,Y
160,Spectrogram 1,9,7827.6,7827.78,40,328.1,2013/11/20,02:10:27.600,02:10:27.780,18,100,Acod,Y
161,Spectrogram 1,9,7861.6,7861.79,47.2,328.1,2013/11/20,02:11:01.600,02:11:01.790,19.5,100,Acod,Y
162,Spectrogram 1,9,7869.7,7869.8,78.1,320.3,2013/11/20,02:11:09.700,02:11:09.800,21.3,100,Acod,Y
163,Spectrogram 1,9,7968.2,7968.36,85.9,320.3,2013/11/20,02:12:48.200,02:12:48.360,10.4,37.4,Acod,Y
164,Spectrogram 1,9,7971.9,7972.04,63.7,320.3,2013/11/20,02:12:51.900,02:12:52.040,9.9,37.4,Acod,Y
165,Spectrogram 1,9,7981,7981.12,38.6,335.9,2013/11/20,02:13:01.000,02:13:01.120,7.7,70.1,Acod,Y
166,Spectrogram 1,9,8009.1,8009.29,71.2,335.9,2013/11/20,02:13:29.100,02:13:29.290,5,100,Acod,Y
169,Spectrogram 1,9,8074.5,8074.65,50.1,312.5,2013/11/20,02:14:34.500,02:14:34.650,3.1,47.7,Acod,Y
190,Spectrogram 1,9,8820.3,8820.43,85.9,335.9,2013/11/20,02:27:00.300,02:27:00.430,5.2,100,Acod,Y
196,Spectrogram 1,9,9127.9,9128.08,62.5,328.1,2013/11/20,02:32:07.900,02:32:08.080,5.6,97.8,Acod,Y
198,Spectrogram 1,9,9173.6,9173.75,20,335.9,2013/11/20,02:32:53.600,02:32:53.750,2.7,59,Acod,Y
199,Spectrogram 1,9,9214.6,9214.75,78.1,335.9,2013/11/20,02:33:34.600,02:33:34.750,6,98.2,Acod,Y
200,Spectrogram 1,9,9235.6,9235.69,20,335.9,2013/11/20,02:33:55.600,02:33:55.690,13.9,100,Acod,Y
201,Spectrogram 1,9,9360,9360.15,78.1,328.1,2013/11/20,02:36:00.000,02:36:00.150,6.7,100,Acod,Y
202,Spectrogram 1,9,9364.6,9364.77,80.8,320.3,2013/11/20,02:36:04.600,02:36:04.770,7.1,100,Acod,Y
204,Spectrogram 1,9,9416.2,9416.33,40.9,312.5,2013/11/20,02:36:56.200,02:36:56.330,8.4,94,Acod,Y
205,Spectrogram 1,9,9483.5,9483.65,57.9,335.9,2013/11/20,02:38:03.500,02:38:03.650,8,100,Acod,Y
206,Spectrogram 1,9,9484.5,9484.68,27.5,304.7,2013/11/20,02:38:04.500,02:38:04.680,5.4,53.6,Acod,Y
207,Spectrogram 1,9,9523,9523.2,54.7,296.9,2013/11/20,02:38:43.000,02:38:43.200,8.1,100,Acod,Y
208,Spectrogram 1,9,9523.7,9523.79,70.3,335.9,2013/11/20,02:38:43.700,02:38:43.790,6.7,98.4,Acod,Y
209,Spectrogram 1,9,9605.9,9606.03,29.9,320.3,2013/11/20,02:40:05.900,02:40:06.030,7.6,95.8,Acod,Y
210,Spectrogram 1,9,9607,9607.13,52.6,328.1,2013/11/20,02:40:07.000,02:40:07.130,5.6,100,Acod,Y
212,Spectrogram 1,9,9645.5,9645.61,20,335.9,2013/11/20,02:40:45.500,02:40:45.610,7.9,100,Acod,Y
213,Spectrogram 1,9,9648,9648.12,71.9,328.1,2013/11/20,02:40:48.000,02:40:48.120,7.7,79,Acod,Y
217,Spectrogram 1,9,9663.1,9663.26,20,312.5,2013/11/20,02:41:03.100,02:41:03.260,6,56.7,Acod,Y
218,Spectrogram 1,9,9664,9664.17,43.9,320.3,2013/11/20,02:41:04.000,02:41:04.170,5.7,98.3,Acod,Y
219,Spectrogram 1,9,9727,9727.14,63.3,335.9,2013/11/20,02:42:07.000,02:42:07.140,8.5,69.8,Acod,Y
220,Spectrogram 1,9,9782.5,9782.65,71.3,328.1,2013/11/20,02:43:02.500,02:43:02.650,10.5,100,Acod,Y
221,Spectrogram 1,9,9783.5,9783.71,78.1,304.7,2013/11/20,02:43:03.500,02:43:03.710,7.4,99.1,Acod,Y
224,Spectrogram 1,9,10082.8,10082.96,78.9,304.7,2013/11/20,02:48:02.800,02:48:02.960,7.5,54.2,Acod,Y
225,Spectrogram 1,9,10083.8,10083.96,20,328.1,2013/11/20,02:48:03.800,02:48:03.960,5.9,93.5,Acod,Y
229,Spectrogram 1,9,10391.7,10391.91,61.9,328.1,2013/11/20,02:53:11.700,02:53:11.910,7.6,100,Acod,Y
238,Spectrogram 1,9,11231.4,11231.54,54.7,328.1,2013/11/20,03:07:11.400,03:07:11.540,4.3,62.6,Acod,Y
239,Spectrogram 1,9,11232.2,11232.36,44.8,296.9,2013/11/20,03:07:12.200,03:07:12.360,1.7,50.5,Acod,Y
244,Spectrogram 1,9,11811.2,11811.37,78.1,328.1,2013/11/20,03:16:51.200,03:16:51.370,4.7,97.3,Acod,Y
248,Spectrogram 1,9,12515.5,12515.63,78.1,335.9,2013/11/20,03:28:35.500,03:28:35.630,5.4,100,Acod,Y
249,Spectrogram 1,9,12709.9,12710.11,58.9,304.7,2013/11/20,03:31:49.900,03:31:50.110,3,77.5,Acod,Y
252,Spectrogram 1,9,12845.4,12845.55,20,328.1,2013/11/20,03:34:05.400,03:34:05.550,5.4,100,Acod,Y
255,Spectrogram 1,9,13092.7,13092.85,73.9,328.1,2013/11/20,03:38:12.700,03:38:12.850,7.3,97.9,Acod,Y
257,Spectrogram 1,9,13354.6,13354.72,25,335.9,2013/11/20,03:42:34.600,03:42:34.720,5.8,96.7,Acod,Y
260,Spectrogram 1,9,13818.8,13818.97,48.2,304.7,2013/11/20,03:50:18.800,03:50:18.970,4.9,47.8,Acod,Y
261,Spectrogram 1,9,13849,13849.11,78.1,335.9,2013/11/20,03:50:49.000,03:50:49.110,5,98.1,Acod,Y
263,Spectrogram 1,9,14012.2,14012.31,71.6,320.3,2013/11/20,03:53:32.200,03:53:32.310,6.5,100,Acod,Y
264,Spectrogram 1,9,14013,14013.13,70.3,320.3,2013/11/20,03:53:33.000,03:53:33.130,5,98.6,Acod,Y
265,Spectrogram 1,9,14016.6,14016.74,66.6,335.9,2013/11/20,03:53:36.600,03:53:36.740,6.1,100,Acod,Y
267,Spectrogram 1,9,14021.6,14021.68,30.7,328.1,2013/11/20,03:53:41.600,03:53:41.680,5.6,56.4,Acod,Y
269,Spectrogram 1,9,14057.9,14058.01,85.9,320.3,2013/11/20,03:54:17.900,03:54:18.010,8.2,87.6,Acod,Y
271,Spectrogram 1,9,14149.6,14149.74,85.9,320.3,2013/11/20,03:55:49.600,03:55:49.740,11.6,100,Acod,Y
272,Spectrogram 1,9,14155.3,14155.45,70.3,320.3,2013/11/20,03:55:55.300,03:55:55.450,10.1,100,Acod,Y
273,Spectrogram 1,9,14180.5,14180.67,48.4,320.3,2013/11/20,03:56:20.500,03:56:20.670,13,100,Acod,Y
274,Spectrogram 1,9,14181,14181.16,70.3,289.1,2013/11/20,03:56:21.000,03:56:21.160,6.7,98.3,Acod,Y
275,Spectrogram 1,9,14182.2,14182.31,50.9,320.3,2013/11/20,03:56:22.200,03:56:22.310,8.3,100,Acod,Y
277,Spectrogram 1,9,14240.8,14240.89,20,328.1,2013/11/20,03:57:20.800,03:57:20.890,7,99.4,Acod,Y
278,Spectrogram 1,9,14241.3,14241.5,78.1,320.3,2013/11/20,03:57:21.300,03:57:21.500,3.3,61.5,Acod,Y
279,Spectrogram 1,9,14242.2,14242.31,72.6,328.1,2013/11/20,03:57:22.200,03:57:22.310,5,95,Acod,Y
281,Spectrogram 1,9,14246,14246.16,20,335.9,2013/11/20,03:57:26.000,03:57:26.160,3.7,89.9,Acod,Y
291,Spectrogram 1,9,15701.6,15701.7,71.1,335.9,2013/11/20,04:21:41.600,04:21:41.700,4,75.5,Acod,Y
319,Spectrogram 1,9,18813.2,18813.39,78.1,281.3,2013/11/20,05:13:33.200,05:13:33.390,2.9,49.5,Acod,Y
321,Spectrogram 1,9,18820.9,18821.06,48.7,335.9,2013/11/20,05:13:40.900,05:13:41.060,3.3,76.9,Acod,Y
327,Spectrogram 1,9,18856.5,18856.6,54.7,320.3,2013/11/20,05:14:16.500,05:14:16.600,10.4,99.7,Acod,Y
328,Spectrogram 1,9,18859.5,18859.62,71.6,312.5,2013/11/20,05:14:19.500,05:14:19.620,7.4,100,Acod,Y
330,Spectrogram 1,9,18904.3,18904.49,70.1,328.1,2013/11/20,05:15:04.300,05:15:04.490,5.7,100,Acod,Y
331,Spectrogram 1,9,18913.2,18913.37,78.1,335.9,2013/11/20,05:15:13.200,05:15:13.370,6.2,100,Acod,Y
334,Spectrogram 1,9,18976.6,18976.7,59.6,296.9,2013/11/20,05:16:16.600,05:16:16.700,5.9,99.8,Acod,Y
336,Spectrogram 1,9,19037.9,19038.02,54.7,320.3,2013/11/20,05:17:17.900,05:17:18.020,5.2,99.6,Acod,Y
338,Spectrogram 1,9,19046.9,19047.03,78.1,328.1,2013/11/20,05:17:26.900,05:17:27.030,6.3,99.7,Acod,Y
339,Spectrogram 1,9,19046.9,19047.03,78.1,328.1,2013/11/20,05:17:26.900,05:17:27.030,6.3,99.7,Acod,Y
871,Spectrogram 1,9,40554,40554.22,68.6,335.9,2013/11/20,11:15:54.000,11:15:54.220,2.9,39.8,Acod,Y
877,Spectrogram 1,9,40672.5,40672.69,20,328.1,2013/11/20,11:17:52.500,11:17:52.690,5.2,61,Acod,Y
878,Spectrogram 1,9,40673.4,40673.56,78.1,320.3,2013/11/20,11:17:53.400,11:17:53.560,5.1,96.2,Acod,Y
879,Spectrogram 1,9,40677,40677.18,70.6,312.5,2013/11/20,11:17:57.000,11:17:57.180,4.7,99.1,Acod,Y
880,Spectrogram 1,9,40677.5,40677.67,38.8,328.1,2013/11/20,11:17:57.500,11:17:57.670,5,95.7,Acod,Y
881,Spectrogram 1,9,40754.3,40754.53,38.8,312.5,2013/11/20,11:19:14.300,11:19:14.530,3.2,52.4,Acod,Y
917,Spectrogram 1,9,43285.9,43286.01,70.3,335.9,2013/11/20,12:01:25.900,12:01:26.010,5.8,74.6,Acod,Y
945,Spectrogram 1,9,45147.5,45147.78,20,328.1,2013/11/20,12:32:27.500,12:32:27.780,3.5,38.4,Acod,Y
976,Spectrogram 1,9,46366,46366.17,45.9,328.1,2013/11/20,12:52:46.000,12:52:46.170,3.2,49.2,Acod,Y
1001,Spectrogram 1,9,46893.5,46893.61,70.3,320.3,2013/11/20,13:01:33.500,13:01:33.610,9.4,43.8,Acod,Y
1002,Spectrogram 1,9,46917.6,46917.8,70.3,335.9,2013/11/20,13:01:57.600,13:01:57.800,13.1,100,Acod,Y
1180,Spectrogram 1,9,51172.9,51173.09,85.9,328.1,2013/11/20,14:12:52.900,14:12:53.090,18,100,Acod,Y
1230,Spectrogram 1,9,53539.7,53539.91,24.3,320.3,2013/11/20,14:52:19.700,14:52:19.910,3.9,88,Acod,Y
1288,Spectrogram 1,9,56351.5,56351.66,51.7,328.1,2013/11/20,15:39:11.500,15:39:11.660,2.4,54.6,Acod,Y
1306,Spectrogram 1,9,56855.7,56855.95,54.7,320.3,2013/11/20,15:47:35.700,15:47:35.950,3.8,53.7,Acod,Y
1307,Spectrogram 1,9,56903.3,56903.48,33.4,273.4,2013/11/20,15:48:23.300,15:48:23.480,8.6,100,Acod,Y
1437,Spectrogram 1,9,61477.3,61477.51,46.2,320.3,2013/11/20,17:04:37.300,17:04:37.510,5,75,Acod,Y
1456,Spectrogram 1,9,61953.2,61953.37,72.7,320.3,2013/11/20,17:12:33.200,17:12:33.370,3.3,38.4,Acod,Y
1472,Spectrogram 1,9,62999.4,62999.52,52.1,320.3,2013/11/20,17:29:59.400,17:29:59.520,4.3,52.2,Acod,Y
1570,Spectrogram 1,9,69459.2,69459.42,33.7,335.9,2013/11/20,19:17:39.200,19:17:39.420,4.1,51.2,Acod,Y
1580,Spectrogram 1,9,69940.8,69941.03,20,320.3,2013/11/20,19:25:40.800,19:25:41.030,5.2,63.3,Acod,Y
1582,Spectrogram 1,9,70061.8,70062.05,20,335.9,2013/11/20,19:27:41.800,19:27:42.050,4.7,80,Acod,Y
1695,Spectrogram 1,9,76090,76090.11,20,328.1,2013/11/20,21:08:10.000,21:08:10.110,17.6,100,Acod,Y
1709,Spectrogram 1,9,77462.8,77463.08,50.5,328.1,2013/11/20,21:31:02.800,21:31:03.080,5.4,37.4,Acod,Y
1710,Spectrogram 1,9,77585.7,77585.9,41.9,320.3,2013/11/20,21:33:05.700,21:33:05.900,15.7,97.6,Acod,Y
1722,Spectrogram 1,9,78335.3,78335.5,42.5,296.9,2013/11/20,21:45:35.300,21:45:35.500,5.6,92.3,Acod,Y
1738,Spectrogram 1,9,80851.8,80851.97,70.6,335.9,2013/11/20,22:27:31.800,22:27:31.970,6.1,45.3,Acod,Y
1740,Spectrogram 1,9,80866.3,80866.46,69.1,335.9,2013/11/20,22:27:46.300,22:27:46.460,5.6,36.8,Acod,Y
1742,Spectrogram 1,9,80873.1,80873.3,54.4,335.9,2013/11/20,22:27:53.100,22:27:53.300,2.7,71.6,Acod,Y
1743,Spectrogram 1,9,80881.9,80882.11,58.9,328.1,2013/11/20,22:28:01.900,22:28:02.110,5.2,99.8,Acod,Y
1747,Spectrogram 1,9,80910.2,80910.38,78.1,328.1,2013/11/20,22:28:30.200,22:28:30.380,4.6,56.6,Acod,Y
1765,Spectrogram 1,9,82464.4,82464.56,75.8,335.9,2013/11/20,22:54:24.400,22:54:24.560,8.2,38.5,Acod,Y
1767,Spectrogram 1,9,82525.8,82525.98,78.8,312.5,2013/11/20,22:55:25.800,22:55:25.980,11,99.1,Acod,Y
1768,Spectrogram 1,9,82526.3,82526.5,21.6,335.9,2013/11/20,22:55:26.300,22:55:26.500,7.2,60.2,Acod,Y
1835,Spectrogram 1,9,84966.5,84966.8,20,320.3,2013/11/20,23:36:06.500,23:36:06.800,4.7,90.2,Acod,Y
1842,Spectrogram 1,9,85097.4,85097.55,20,335.9,2013/11/20,23:38:17.400,23:38:17.550,5,47.2,Acod,Y
1843,Spectrogram 1,9,85097.4,85097.55,20,335.9,2013/11/20,23:38:17.400,23:38:17.550,5,47.2,Acod,Y
1849,Spectrogram 1,9,85181.3,85181.49,45.6,312.5,2013/11/20,23:39:41.300,23:39:41.490,5.1,100,Acod,Y
1851,Spectrogram 1,9,85190,85190.21,20,335.9,2013/11/20,23:39:50.000,23:39:50.210,4.7,98.6,Acod,Y
1852,Spectrogram 1,9,85193.8,85193.99,30.3,335.9,2013/11/20,23:39:53.800,23:39:53.990,6.3,76.7,Acod,Y
123,Spectrogram 1,9,2232.4,2232.58,53.5,320.3,2013/11/21,00:37:12.400,00:37:12.580,6.9,37.4,Acod,Y
124,Spectrogram 1,9,2252.2,2252.32,85.9,335.9,2013/11/21,00:37:32.200,00:37:32.320,11.9,100,Acod,Y
125,Spectrogram 1,9,2266.5,2266.63,42.8,328.1,2013/11/21,00:37:46.500,00:37:46.630,8.4,100,Acod,Y
126,Spectrogram 1,9,2280.2,2280.38,78.1,320.3,2013/11/21,00:38:00.200,00:38:00.380,7.5,100,Acod,Y
127,Spectrogram 1,9,2301.5,2301.63,47.2,335.9,2013/11/21,00:38:21.500,00:38:21.630,11.8,100,Acod,Y
128,Spectrogram 1,9,2303.5,2303.67,40.6,296.9,2013/11/21,00:38:23.500,00:38:23.670,9.5,94.5,Acod,Y
129,Spectrogram 1,9,2314.5,2314.61,62.5,320.3,2013/11/21,00:38:34.500,00:38:34.610,10.5,37.4,Acod,Y
130,Spectrogram 1,9,2329.8,2329.97,32.5,257.8,2013/11/21,00:38:49.800,00:38:49.970,12.7,100,Acod,Y
131,Spectrogram 1,9,2331.1,2331.32,66.9,312.5,2013/11/21,00:38:51.100,00:38:51.320,8.5,100,Acod,Y
132,Spectrogram 1,9,2335.2,2335.39,20,335.9,2013/11/21,00:38:55.200,00:38:55.390,8.9,100,Acod,Y
133,Spectrogram 1,9,2335.9,2336.12,74.8,320.3,2013/11/21,00:38:55.900,00:38:56.120,4.6,73.2,Acod,Y
134,Spectrogram 1,9,2336.3,2336.48,78.1,320.3,2013/11/21,00:38:56.300,00:38:56.480,3.8,63.9,Acod,Y
136,Spectrogram 1,9,2338.3,2338.45,78.1,335.9,2013/11/21,00:38:58.300,00:38:58.450,4.9,37,Acod,Y
137,Spectrogram 1,9,2345.7,2345.81,71.9,335.9,2013/11/21,00:39:05.700,00:39:05.810,7,100,Acod,Y
151,Spectrogram 1,9,3353.8,3353.98,63.8,312.5,2013/11/21,00:55:53.800,00:55:53.980,6.1,100,Acod,Y
152,Spectrogram 1,9,3353.8,3353.98,78.4,320.3,2013/11/21,00:55:53.800,00:55:53.980,6.5,37,Acod,Y
221,Spectrogram 1,9,9650.5,9650.6,60.4,296.9,2013/11/21,02:40:50.500,02:40:50.600,11.1,74.3,Acod,Y
280,Spectrogram 1,9,12161.2,12161.37,37.6,265.6,2013/11/21,03:22:41.200,03:22:41.370,14.4,99.4,Acod,Y
281,Spectrogram 1,9,12249,12249.12,37,328.1,2013/11/21,03:24:09.000,03:24:09.120,5.2,100,Acod,Y
310,Spectrogram 1,9,15708.9,15709,70.3,335.9,2013/11/21,04:21:48.900,04:21:49.000,6.3,100,Acod,Y
312,Spectrogram 1,9,15736.5,15736.69,70.3,312.5,2013/11/21,04:22:16.500,04:22:16.690,4.8,99.8,Acod,Y
314,Spectrogram 1,9,15751.9,15752.05,70.3,328.1,2013/11/21,04:22:31.900,04:22:32.050,12.4,80.7,Acod,Y
315,Spectrogram 1,9,15803.6,15803.76,70.3,296.9,2013/11/21,04:23:23.600,04:23:23.760,7.9,65.8,Acod,Y
316,Spectrogram 1,9,15804.2,15804.32,47.2,335.9,2013/11/21,04:23:24.200,04:23:24.320,4.4,97.3,Acod,Y
317,Spectrogram 1,9,15873.5,15873.68,85.9,320.3,2013/11/21,04:24:33.500,04:24:33.680,9.3,100,Acod,Y
318,Spectrogram 1,9,15874.4,15874.53,63.3,328.1,2013/11/21,04:24:34.400,04:24:34.530,6,100,Acod,Y
319,Spectrogram 1,9,15875.3,15875.49,20,304.7,2013/11/21,04:24:35.300,04:24:35.490,5.6,95.4,Acod,Y
321,Spectrogram 1,9,15876.7,15876.92,78.1,335.9,2013/11/21,04:24:36.700,04:24:36.920,3.1,80.6,Acod,Y
323,Spectrogram 1,9,15970,15970.18,51.8,320.3,2013/11/21,04:26:10.000,04:26:10.180,5,100,Acod,Y
324,Spectrogram 1,9,15978.4,15978.53,86.3,335.9,2013/11/21,04:26:18.400,04:26:18.530,7.5,100,Acod,Y
325,Spectrogram 1,9,15980.5,15980.63,78.8,296.9,2013/11/21,04:26:20.500,04:26:20.630,5.3,82.2,Acod,Y
326,Spectrogram 1,9,15986.2,15986.32,20,320.3,2013/11/21,04:26:26.200,04:26:26.320,5.8,99,Acod,Y
327,Spectrogram 1,9,15986.2,15986.32,20,320.3,2013/11/21,04:26:26.200,04:26:26.320,5.8,99,Acod,Y
329,Spectrogram 1,9,16002.1,16002.22,53.8,335.9,2013/11/21,04:26:42.100,04:26:42.220,6.2,99.6,Acod,Y
330,Spectrogram 1,9,16003.6,16003.77,78.1,328.1,2013/11/21,04:26:43.600,04:26:43.770,4.2,53,Acod,Y
331,Spectrogram 1,9,16008.9,16009.06,33.7,281.3,2013/11/21,04:26:48.900,04:26:49.060,12.6,100,Acod,Y
332,Spectrogram 1,9,16010,16010.13,78.1,304.7,2013/11/21,04:26:50.000,04:26:50.130,11.2,100,Acod,Y
333,Spectrogram 1,9,16039.3,16039.43,70.9,335.9,2013/11/21,04:27:19.300,04:27:19.430,15.3,100,Acod,Y
334,Spectrogram 1,9,16051.3,16051.43,63.1,335.9,2013/11/21,04:27:31.300,04:27:31.430,12,100,Acod,Y
335,Spectrogram 1,9,16080.7,16080.87,20,320.3,2013/11/21,04:28:00.700,04:28:00.870,8.1,71.4,Acod,Y
336,Spectrogram 1,9,16082.8,16082.93,74.3,335.9,2013/11/21,04:28:02.800,04:28:02.930,6,100,Acod,Y
337,Spectrogram 1,9,16107.6,16107.79,53.9,304.7,2013/11/21,04:28:27.600,04:28:27.790,5.9,100,Acod,Y
339,Spectrogram 1,9,16164.7,16164.87,77.8,320.3,2013/11/21,04:29:24.700,04:29:24.870,17.9,94.6,Acod,Y
340,Spectrogram 1,9,16179.1,16179.2,52.6,296.9,2013/11/21,04:29:39.100,04:29:39.200,11,100,Acod,Y
341,Spectrogram 1,9,16180.1,16180.25,79.4,335.9,2013/11/21,04:29:40.100,04:29:40.250,8.6,99.5,Acod,Y
343,Spectrogram 1,9,16183.2,16183.37,72.9,320.3,2013/11/21,04:29:43.200,04:29:43.370,4.7,65.8,Acod,Y
344,Spectrogram 1,9,16184.9,16185.02,66.4,335.9,2013/11/21,04:29:44.900,04:29:45.020,7.6,99.9,Acod,Y
345,Spectrogram 1,9,16215.1,16215.28,78.1,328.1,2013/11/21,04:30:15.100,04:30:15.280,10.1,37.4,Acod,Y
346,Spectrogram 1,9,16251.9,16251.99,66.1,328.1,2013/11/21,04:30:51.900,04:30:51.990,10.2,100,Acod,Y
347,Spectrogram 1,9,16337.3,16337.44,20,328.1,2013/11/21,04:32:17.300,04:32:17.440,7.5,99.4,Acod,Y
348,Spectrogram 1,9,16341.3,16341.46,73.6,335.9,2013/11/21,04:32:21.300,04:32:21.460,9.6,100,Acod,Y
349,Spectrogram 1,9,16344.1,16344.19,38.6,328.1,2013/11/21,04:32:24.100,04:32:24.190,8.1,100,Acod,Y
350,Spectrogram 1,9,16344.4,16344.56,20,335.9,2013/11/21,04:32:24.400,04:32:24.560,7.4,82.4,Acod,Y
351,Spectrogram 1,9,16354.2,16354.37,44.8,335.9,2013/11/21,04:32:34.200,04:32:34.370,10.6,100,Acod,Y
352,Spectrogram 1,9,16354.9,16355.04,71.1,312.5,2013/11/21,04:32:34.900,04:32:35.040,8.7,100,Acod,Y
353,Spectrogram 1,9,16355.4,16355.55,20,312.5,2013/11/21,04:32:35.400,04:32:35.550,6.9,85.6,Acod,Y
354,Spectrogram 1,9,16356.1,16356.29,71.3,312.5,2013/11/21,04:32:36.100,04:32:36.290,7.5,100,Acod,Y
355,Spectrogram 1,9,16378.9,16379.03,70.3,320.3,2013/11/21,04:32:58.900,04:32:59.030,7.3,100,Acod,Y
356,Spectrogram 1,9,16380.4,16380.58,50.9,304.7,2013/11/21,04:33:00.400,04:33:00.580,5,85.6,Acod,Y
412,Spectrogram 1,9,22193.4,22193.59,51.9,335.9,2013/11/21,06:09:53.400,06:09:53.590,7,74.9,Acod,Y
443,Spectrogram 1,9,23684.3,23684.43,79.8,273.4,2013/11/21,06:34:44.300,06:34:44.430,7.5,37.4,Acod,Y
444,Spectrogram 1,9,23708.4,23708.55,78.4,335.9,2013/11/21,06:35:08.400,06:35:08.550,5,100,Acod,Y
445,Spectrogram 1,9,23744,23744.1,54.7,328.1,2013/11/21,06:35:44.000,06:35:44.100,3.9,70.9,Acod,Y
784,Spectrogram 1,9,34013.9,34014.13,51.6,335.9,2013/11/21,09:26:53.900,09:26:54.130,10.5,97.3,Acod,Y
934,Spectrogram 1,9,39188.5,39188.68,20,335.9,2013/11/21,10:53:08.500,10:53:08.680,5.1,98.2,Acod,Y
935,Spectrogram 1,9,39188.5,39188.68,20,335.9,2013/11/21,10:53:08.500,10:53:08.680,5.1,99,Acod,Y
1369,Spectrogram 1,9,71938.4,71938.56,62.5,328.1,2013/11/21,19:58:58.400,19:58:58.560,9.4,61.7,Acod,Y
1374,Spectrogram 1,9,72094.3,72094.48,20,312.5,2013/11/21,20:01:34.300,20:01:34.480,7.5,92.1,Acod,Y
1376,Spectrogram 1,9,72108.9,72109.1,20,328.1,2013/11/21,20:01:48.900,20:01:49.100,4.7,63.9,Acod,Y
1402,Spectrogram 1,9,73763.4,73763.54,59.8,304.7,2013/11/21,20:29:23.400,20:29:23.540,7.5,83.6,Acod,Y
1565,Spectrogram 1,9,80685.4,80685.63,20,304.7,2013/11/21,22:24:45.400,22:24:45.630,9.7,100,Acod,Y
1631,Spectrogram 1,9,86284.6,86284.71,93.8,335.9,2013/11/21,23:58:04.600,23:58:04.710,9.3,99.9,Acod,Y
170,Spectrogram 1,9,13935.2,13935.44,20,320.3,2013/11/22,03:52:15.200,03:52:15.440,6.4,37.4,Acod,Y
179,Spectrogram 1,9,14830.2,14830.45,20,335.9,2013/11/22,04:07:10.200,04:07:10.450,4,62.8,Acod,Y
183,Spectrogram 1,9,14949.6,14949.85,20,328.1,2013/11/22,04:09:09.600,04:09:09.850,3.1,52.5,Acod,Y
191,Spectrogram 1,9,15485.4,15485.5,54.7,328.1,2013/11/22,04:18:05.400,04:18:05.500,5.4,98.4,Acod,Y
259,Spectrogram 1,9,20362.6,20362.77,69.6,265.6,2013/11/22,05:39:22.600,05:39:22.770,8.2,100,Acod,Y
302,Spectrogram 1,9,23742.8,23742.95,54.7,328.1,2013/11/22,06:35:42.800,06:35:42.950,6.9,100,Acod,Y
303,Spectrogram 1,9,23742.8,23742.95,54.7,328.1,2013/11/22,06:35:42.800,06:35:42.950,6.9,100,Acod,Y
304,Spectrogram 1,9,23770,23770.15,93.8,304.7,2013/11/22,06:36:10.000,06:36:10.150,6.1,96.4,Acod,Y
305,Spectrogram 1,9,23770,23770.15,93.8,304.7,2013/11/22,06:36:10.000,06:36:10.150,6.1,96.4,Acod,Y
595,Spectrogram 1,9,43055.8,43055.95,78.1,328.1,2013/11/22,11:57:35.800,11:57:35.950,3.2,82.2,Acod,Y
606,Spectrogram 1,9,44488.4,44488.57,24.7,312.5,2013/11/22,12:21:28.400,12:21:28.570,6.1,100,Acod,Y
611,Spectrogram 1,9,44961.1,44961.32,75.4,320.3,2013/11/22,12:29:21.100,12:29:21.320,10.6,37.4,Acod,Y
614,Spectrogram 1,9,45349.4,45349.58,46.6,320.3,2013/11/22,12:35:49.400,12:35:49.580,6.7,37.4,Acod,Y
616,Spectrogram 1,9,45439.3,45439.55,58.1,312.5,2013/11/22,12:37:19.300,12:37:19.550,15.9,51.6,Acod,Y
619,Spectrogram 1,9,45608.2,45608.39,85.9,328.1,2013/11/22,12:40:08.200,12:40:08.390,9.4,98.4,Acod,Y
620,Spectrogram 1,9,45619.5,45619.63,78.1,335.9,2013/11/22,12:40:19.500,12:40:19.630,7.4,84.5,Acod,Y
624,Spectrogram 1,9,45963,45963.2,20,328.1,2013/11/22,12:46:03.000,12:46:03.200,4.9,99.9,Acod,Y
625,Spectrogram 1,9,46014.6,46014.85,20,335.9,2013/11/22,12:46:54.600,12:46:54.850,3.8,54,Acod,Y
628,Spectrogram 1,9,46181,46181.16,67.9,296.9,2013/11/22,12:49:41.000,12:49:41.160,4.7,52.1,Acod,Y
636,Spectrogram 1,9,46361.9,46362.13,20,312.5,2013/11/22,12:52:41.900,12:52:42.130,4.7,93.5,Acod,Y
639,Spectrogram 1,9,46556.4,46556.69,78.1,320.3,2013/11/22,12:55:56.400,12:55:56.690,4.9,37,Acod,Y
640,Spectrogram 1,9,46600,46600.15,85.9,328.1,2013/11/22,12:56:40.000,12:56:40.150,4.1,73.9,Acod,Y
711,Spectrogram 1,9,52821.8,52822,37.7,335.9,2013/11/22,14:40:21.800,14:40:22.000,5.5,44,Acod,Y
898,Spectrogram 1,9,70772.9,70773.01,56.6,335.9,2013/11/22,19:39:32.900,19:39:33.010,10.9,95.6,Acod,Y
939,Spectrogram 1,9,73893.8,73893.9,71.1,328.1,2013/11/22,20:31:33.800,20:31:33.900,8.2,100,Acod,Y
1109,Spectrogram 1,9,80173.1,80173.27,78.1,320.3,2013/11/22,22:16:13.100,22:16:13.270,16.1,100,Acod,Y
1110,Spectrogram 1,9,80177.1,80177.22,26.7,335.9,2013/11/22,22:16:17.100,22:16:17.220,14.1,99.5,Acod,Y
1123,Spectrogram 1,9,80787.1,80787.27,20,335.9,2013/11/22,22:26:27.100,22:26:27.270,15,100,Acod,Y
1124,Spectrogram 1,9,80852.3,80852.42,55.9,320.3,2013/11/22,22:27:32.300,22:27:32.420,15.7,91.1,Acod,Y
297,Spectrogram 1,9,11618.9,11619.12,20,296.9,2013/11/23,03:13:38.900,03:13:39.120,10,100,Acod,Y
1061,Spectrogram 1,9,54904.8,54904.91,93.8,273.4,2013/11/23,15:15:04.800,15:15:04.910,7.5,37.4,Acod,Y
1096,Spectrogram 1,9,56809.3,56809.48,70.3,328.1,2013/11/23,15:46:49.300,15:46:49.480,3.5,68.5,Acod,Y
1098,Spectrogram 1,9,56811.7,56811.82,70.3,335.9,2013/11/23,15:46:51.700,15:46:51.820,2.3,41.7,Acod,Y
1099,Spectrogram 1,9,56892.2,56892.39,70.3,335.9,2013/11/23,15:48:12.200,15:48:12.390,4.5,96.8,Acod,Y
1101,Spectrogram 1,9,56937.3,56937.4,70.3,320.3,2013/11/23,15:48:57.300,15:48:57.400,3.6,59.7,Acod,Y
1102,Spectrogram 1,9,56938.7,56938.86,20,328.1,2013/11/23,15:48:58.700,15:48:58.860,3.5,69.5,Acod,Y
1138,Spectrogram 1,9,59097.2,59097.36,30.3,312.5,2013/11/23,16:24:57.200,16:24:57.360,3.2,49.1,Acod,Y
1164,Spectrogram 1,9,61472.4,61472.49,20,335.9,2013/11/23,17:04:32.400,17:04:32.490,5.4,96.4,Acod,Y
1167,Spectrogram 1,9,61480.7,61480.87,20,312.5,2013/11/23,17:04:40.700,17:04:40.870,3.3,46.3,Acod,Y
1168,Spectrogram 1,9,61482.2,61482.36,26.3,335.9,2013/11/23,17:04:42.200,17:04:42.360,5,49.7,Acod,Y
1170,Spectrogram 1,9,61505,61505.15,40,320.3,2013/11/23,17:05:05.000,17:05:05.150,6.2,42.1,Acod,Y
1172,Spectrogram 1,9,61526.3,61526.48,20,312.5,2013/11/23,17:05:26.300,17:05:26.480,6.4,100,Acod,Y
1173,Spectrogram 1,9,61542,61542.1,66.1,320.3,2013/11/23,17:05:42.000,17:05:42.100,5.9,71.4,Acod,Y
1174,Spectrogram 1,9,61544.1,61544.24,49.9,328.1,2013/11/23,17:05:44.100,17:05:44.240,4.7,83.4,Acod,Y
1184,Spectrogram 1,9,62383.9,62384.1,20,320.3,2013/11/23,17:19:43.900,17:19:44.100,8.7,100,Acod,Y
1185,Spectrogram 1,9,62391.3,62391.48,78.1,312.5,2013/11/23,17:19:51.300,17:19:51.480,6.4,37.3,Acod,Y
1187,Spectrogram 1,9,62396.5,62396.69,78.4,320.3,2013/11/23,17:19:56.500,17:19:56.690,5.3,99.8,Acod,Y
1328,Spectrogram 1,9,73286.8,73286.98,85.9,320.3,2013/11/23,20:21:26.800,20:21:26.980,5,61.7,Acod,Y
1377,Spectrogram 1,9,75897.8,75898.03,54.7,312.5,2013/11/23,21:04:57.800,21:04:58.030,4,57.6,Acod,Y
85,Spectrogram 1,9,10326.9,10327.07,20,335.9,2013/11/24,02:52:06.900,02:52:07.070,3.7,70,Acod,Y
89,Spectrogram 1,9,11866.1,11866.34,20,328.1,2013/11/24,03:17:46.100,03:17:46.340,6.4,100,Acod,Y
219,Spectrogram 1,9,44548.7,44548.87,70.3,328.1,2013/11/24,12:22:28.700,12:22:28.870,6.4,37.4,Acod,Y
252,Spectrogram 1,9,49761.9,49762.12,46.3,335.9,2013/11/24,13:49:21.900,13:49:22.120,4.9,78.8,Acod,Y
253,Spectrogram 1,9,49806.8,49807.06,43.9,328.1,2013/11/24,13:50:06.800,13:50:07.060,2.9,75.6,Acod,Y
254,Spectrogram 1,9,50008.5,50008.66,64.3,281.3,2013/11/24,13:53:28.500,13:53:28.660,10.3,100,Acod,Y
255,Spectrogram 1,9,50013,50013.15,21.3,320.3,2013/11/24,13:53:33.000,13:53:33.150,11.2,82.2,Acod,Y
256,Spectrogram 1,9,50048.9,50049.01,49.3,304.7,2013/11/24,13:54:08.900,13:54:09.010,5.6,56.4,Acod,Y
258,Spectrogram 1,9,50338.5,50338.68,53.3,335.9,2013/11/24,13:58:58.500,13:58:58.680,5,97.5,Acod,Y
269,Spectrogram 1,9,51586.4,51586.55,50.3,312.5,2013/11/24,14:19:46.400,14:19:46.550,4,88.9,Acod,Y
270,Spectrogram 1,9,51587.1,51587.37,70.3,312.5,2013/11/24,14:19:47.100,14:19:47.370,1.2,40.3,Acod,Y
279,Spectrogram 1,9,52769.2,52769.36,20,304.7,2013/11/24,14:39:29.200,14:39:29.360,4.9,65.3,Acod,Y
283,Spectrogram 1,9,53024,53024.16,20,328.1,2013/11/24,14:43:44.000,14:43:44.160,6.9,94.3,Acod,Y
284,Spectrogram 1,9,53025.3,53025.47,70.1,335.9,2013/11/24,14:43:45.300,14:43:45.470,4.5,87.5,Acod,Y
285,Spectrogram 1,9,53029.1,53029.23,20,328.1,2013/11/24,14:43:49.100,14:43:49.230,6.1,99.6,Acod,Y
286,Spectrogram 1,9,53030.5,53030.69,20,304.7,2013/11/24,14:43:50.500,14:43:50.690,6.2,97.6,Acod,Y
287,Spectrogram 1,9,53031.8,53031.96,24.7,335.9,2013/11/24,14:43:51.800,14:43:51.960,5.4,38.3,Acod,Y
288,Spectrogram 1,9,53033.5,53033.67,62.8,335.9,2013/11/24,14:43:53.500,14:43:53.670,5,100,Acod,Y
291,Spectrogram 1,9,53041.7,53041.87,32.2,335.9,2013/11/24,14:44:01.700,14:44:01.870,4.2,75.4,Acod,Y
660,Spectrogram 1,9,46508.4,46508.66,20,320.3,2013/11/25,12:55:08.400,12:55:08.660,3.4,62,Acod,Y
662,Spectrogram 1,9,46572.9,46573.06,78.1,335.9,2013/11/25,12:56:12.900,12:56:13.060,8.7,100,Acod,Y
663,Spectrogram 1,9,46628.9,46629.06,68.6,320.3,2013/11/25,12:57:08.900,12:57:09.060,13.3,100,Acod,Y
664,Spectrogram 1,9,46630.8,46631.03,20,328.1,2013/11/25,12:57:10.800,12:57:11.030,10.1,100,Acod,Y
665,Spectrogram 1,9,46645.1,46645.34,42.5,320.3,2013/11/25,12:57:25.100,12:57:25.340,12.7,100,Acod,Y
666,Spectrogram 1,9,46647,46647.15,57.4,320.3,2013/11/25,12:57:27.000,12:57:27.150,10.3,100,Acod,Y
668,Spectrogram 1,9,46778.6,46778.78,60.4,335.9,2013/11/25,12:59:38.600,12:59:38.780,5.5,78,Acod,Y
671,Spectrogram 1,9,46827.1,46827.33,49.9,328.1,2013/11/25,13:00:27.100,13:00:27.330,4.4,97.7,Acod,Y
672,Spectrogram 1,9,46927.1,46927.26,55.9,312.5,2013/11/25,13:02:07.100,13:02:07.260,1.8,50.7,Acod,Y
675,Spectrogram 1,9,47119.3,47119.5,54.7,296.9,2013/11/25,13:05:19.300,13:05:19.500,6.1,83.4,Acod,Y
677,Spectrogram 1,9,47327.3,47327.42,60.4,304.7,2013/11/25,13:08:47.300,13:08:47.420,5.4,83.7,Acod,Y
679,Spectrogram 1,9,47424.3,47424.47,21.1,312.5,2013/11/25,13:10:24.300,13:10:24.470,6.4,55.4,Acod,Y
680,Spectrogram 1,9,47425,47425.2,22.7,328.1,2013/11/25,13:10:25.000,13:10:25.200,5,68.4,Acod,Y
683,Spectrogram 1,9,47624.5,47624.66,29.4,320.3,2013/11/25,13:13:44.500,13:13:44.660,7.6,100,Acod,Y
684,Spectrogram 1,9,47628.8,47628.94,78.1,312.5,2013/11/25,13:13:48.800,13:13:48.940,3.9,89.7,Acod,Y
685,Spectrogram 1,9,47653.4,47653.59,37.7,296.9,2013/11/25,13:14:13.400,13:14:13.590,5.5,40.3,Acod,Y
686,Spectrogram 1,9,47659.6,47659.78,45.2,312.5,2013/11/25,13:14:19.600,13:14:19.780,3.5,76,Acod,Y
688,Spectrogram 1,9,47682.2,47682.36,35.9,328.1,2013/11/25,13:14:42.200,13:14:42.360,3.1,78.4,Acod,Y
695,Spectrogram 1,9,47829,47829.2,20,296.9,2013/11/25,13:17:09.000,13:17:09.200,4,54.3,Acod,Y
708,Spectrogram 1,9,48340.3,48340.44,60.1,289.1,2013/11/25,13:25:40.300,13:25:40.440,8.1,37.4,Acod,Y
709,Spectrogram 1,9,48342,48342.14,20,312.5,2013/11/25,13:25:42.000,13:25:42.140,4.3,43.5,Acod,Y
713,Spectrogram 1,9,48582,48582.11,64.1,335.9,2013/11/25,13:29:42.000,13:29:42.110,5.7,100,Acod,Y
715,Spectrogram 1,9,48705.3,48705.46,69.9,335.9,2013/11/25,13:31:45.300,13:31:45.460,7.6,37.4,Acod,Y
716,Spectrogram 1,9,48708.9,48709.09,77.9,320.3,2013/11/25,13:31:48.900,13:31:49.090,8.8,100,Acod,Y
718,Spectrogram 1,9,48829.7,48829.81,20,265.6,2013/11/25,13:33:49.700,13:33:49.810,10.6,100,Acod,Y
724,Spectrogram 1,9,49911.9,49912.17,20,320.3,2013/11/25,13:51:51.900,13:51:52.170,2.9,53,Acod,Y
728,Spectrogram 1,9,50204,50204.26,75.4,328.1,2013/11/25,13:56:44.000,13:56:44.260,5.1,100,Acod,Y
730,Spectrogram 1,9,50505.9,50506.03,20,328.1,2013/11/25,14:01:45.900,14:01:46.030,6,100,Acod,Y
731,Spectrogram 1,9,50688.7,50688.84,41.7,320.3,2013/11/25,14:04:48.700,14:04:48.840,3.5,86.5,Acod,Y
739,Spectrogram 1,9,52334.6,52334.77,20,335.9,2013/11/25,14:32:14.600,14:32:14.770,3,54,Acod,Y
740,Spectrogram 1,9,52341.4,52341.67,20,328.1,2013/11/25,14:32:21.400,14:32:21.670,3.7,89.3,Acod,Y
848,Spectrogram 1,9,61989.4,61989.56,34,296.9,2013/11/25,17:13:09.400,17:13:09.560,4.1,73.5,Acod,Y
897,Spectrogram 1,9,66881.3,66881.47,45.2,320.3,2013/11/25,18:34:41.300,18:34:41.470,3.5,63,Acod,Y
955,Spectrogram 1,9,74671.4,74671.54,20,304.7,2013/11/25,20:44:31.400,20:44:31.540,14.6,100,Acod,Y
956,Spectrogram 1,9,74715.7,74715.84,20,320.3,2013/11/25,20:45:15.700,20:45:15.840,13.8,90.8,Acod,Y
961,Spectrogram 1,9,74875.4,74875.55,85.9,328.1,2013/11/25,20:47:55.400,20:47:55.550,6.2,99.4,Acod,Y
292,Spectrogram 1,9,40854.7,40854.86,47.2,328.1,2013/11/26,11:20:54.700,11:20:54.860,5,97.6,Acod,Y
293,Spectrogram 1,9,40867.2,40867.32,77.4,328.1,2013/11/26,11:21:07.200,11:21:07.320,4.9,76.4,Acod,Y
294,Spectrogram 1,9,40869.7,40869.95,68.1,328.1,2013/11/26,11:21:09.700,11:21:09.950,4.3,97,Acod,Y
295,Spectrogram 1,9,40876.3,40876.56,46.6,328.1,2013/11/26,11:21:16.300,11:21:16.560,4.4,97.8,Acod,Y
296,Spectrogram 1,9,40884.7,40884.78,72.9,335.9,2013/11/26,11:21:24.700,11:21:24.780,5.8,37.4,Acod,Y
297,Spectrogram 1,9,40887.8,40887.93,67.9,312.5,2013/11/26,11:21:27.800,11:21:27.930,5.2,96,Acod,Y
334,Spectrogram 1,9,45185.2,45185.49,25,320.3,2013/11/26,12:33:05.200,12:33:05.490,3.1,43.3,Acod,Y
335,Spectrogram 1,9,45192.1,45192.24,20,335.9,2013/11/26,12:33:12.100,12:33:12.240,5.8,100,Acod,Y
429,Spectrogram 1,9,53008.6,53008.79,46.4,328.1,2013/11/26,14:43:28.600,14:43:28.790,7.9,100,Acod,Y
483,Spectrogram 1,9,57143.6,57143.82,20,328.1,2013/11/26,15:52:23.600,15:52:23.820,5.7,68.5,Acod,Y
485,Spectrogram 1,9,57202.4,57202.55,61.6,335.9,2013/11/26,15:53:22.400,15:53:22.550,5.5,67.4,Acod,Y
487,Spectrogram 1,9,57215.8,57216,51.3,328.1,2013/11/26,15:53:35.800,15:53:36.000,6,40.4,Acod,Y
490,Spectrogram 1,9,57681,57681.2,37.8,328.1,2013/11/26,16:01:21.000,16:01:21.200,12.8,37.4,Acod,Y
491,Spectrogram 1,9,57681.8,57681.97,78.4,328.1,2013/11/26,16:01:21.800,16:01:21.970,9.6,100,Acod,Y
492,Spectrogram 1,9,57683.9,57684.07,22.2,320.3,2013/11/26,16:01:23.900,16:01:24.070,9.1,100,Acod,Y
568,Spectrogram 1,9,60594.3,60594.51,68.3,289.1,2013/11/26,16:49:54.300,16:49:54.510,3.8,39.8,Acod,Y
586,Spectrogram 1,9,61979.3,61979.5,76.9,312.5,2013/11/26,17:12:59.300,17:12:59.500,3.4,57.8,Acod,Y
587,Spectrogram 1,9,62106.7,62106.91,46.2,335.9,2013/11/26,17:15:06.700,17:15:06.910,6.3,68.7,Acod,Y
589,Spectrogram 1,9,62230.9,62231.02,78.1,328.1,2013/11/26,17:17:10.900,17:17:11.020,9,100,Acod,Y
592,Spectrogram 1,9,62363.8,62363.95,49.2,328.1,2013/11/26,17:19:23.800,17:19:23.950,11.3,95.2,Acod,Y
614,Spectrogram 1,9,63108.7,63108.93,27.7,335.9,2013/11/26,17:31:48.700,17:31:48.930,6.8,89.5,Acod,Y
615,Spectrogram 1,9,63114.2,63114.41,20,312.5,2013/11/26,17:31:54.200,17:31:54.410,14.5,100,Acod,Y
616,Spectrogram 1,9,63116.1,63116.21,46.1,289.1,2013/11/26,17:31:56.100,17:31:56.210,9.9,100,Acod,Y
618,Spectrogram 1,9,63118.5,63118.67,71.9,312.5,2013/11/26,17:31:58.500,17:31:58.670,7.3,98.2,Acod,Y
619,Spectrogram 1,9,63130.9,63131.06,78.1,320.3,2013/11/26,17:32:10.900,17:32:11.060,9.6,100,Acod,Y
620,Spectrogram 1,9,63131.3,63131.46,20,328.1,2013/11/26,17:32:11.300,17:32:11.460,6,97.2,Acod,Y
621,Spectrogram 1,9,63132.8,63132.96,69.6,304.7,2013/11/26,17:32:12.800,17:32:12.960,3.7,46.9,Acod,Y
650,Spectrogram 1,9,64334,64334.18,78.1,312.5,2013/11/26,17:52:14.000,17:52:14.180,10.3,100,Acod,Y
652,Spectrogram 1,9,64479.4,64479.53,20,304.7,2013/11/26,17:54:39.400,17:54:39.530,4.4,97.9,Acod,Y
653,Spectrogram 1,9,64480.3,64480.45,69.9,320.3,2013/11/26,17:54:40.300,17:54:40.450,4.4,97.6,Acod,Y
656,Spectrogram 1,9,64488,64488.16,20,320.3,2013/11/26,17:54:48.000,17:54:48.160,7.6,73.4,Acod,Y
657,Spectrogram 1,9,64489.7,64489.93,67.9,320.3,2013/11/26,17:54:49.700,17:54:49.930,5.6,54.4,Acod,Y
659,Spectrogram 1,9,64503.4,64503.62,70.3,312.5,2013/11/26,17:55:03.400,17:55:03.620,12.7,70.5,Acod,Y
661,Spectrogram 1,9,64525.7,64525.82,78.1,335.9,2013/11/26,17:55:25.700,17:55:25.820,6.3,100,Acod,Y
663,Spectrogram 1,9,64547.3,64547.53,20,328.1,2013/11/26,17:55:47.300,17:55:47.530,9.6,81.6,Acod,Y
664,Spectrogram 1,9,64550.7,64550.84,34.1,320.3,2013/11/26,17:55:50.700,17:55:50.840,18.5,100,Acod,Y
665,Spectrogram 1,9,64554.7,64554.97,58.8,328.1,2013/11/26,17:55:54.700,17:55:54.970,8.2,86.7,Acod,Y
669,Spectrogram 1,9,64656,64656.14,62.5,320.3,2013/11/26,17:57:36.000,17:57:36.140,6.6,66.1,Acod,Y
670,Spectrogram 1,9,64657,64657.11,35.2,312.5,2013/11/26,17:57:37.000,17:57:37.110,5.2,88.8,Acod,Y
671,Spectrogram 1,9,64658.8,64659,53.9,335.9,2013/11/26,17:57:38.800,17:57:39.000,4.3,94.6,Acod,Y
672,Spectrogram 1,9,64660.4,64660.54,43.9,304.7,2013/11/26,17:57:40.400,17:57:40.540,6.4,99.3,Acod,Y
674,Spectrogram 1,9,64694,64694.18,61.3,296.9,2013/11/26,17:58:14.000,17:58:14.180,15.6,100,Acod,Y
675,Spectrogram 1,9,64720.6,64720.76,54.7,312.5,2013/11/26,17:58:40.600,17:58:40.760,15.8,100,Acod,Y
676,Spectrogram 1,9,64756.5,64756.7,78.1,328.1,2013/11/26,17:59:16.500,17:59:16.700,8.6,99.9,Acod,Y
677,Spectrogram 1,9,64758.5,64758.67,67.9,335.9,2013/11/26,17:59:18.500,17:59:18.670,17.9,100,Acod,Y
678,Spectrogram 1,9,64763.2,64763.37,48.4,320.3,2013/11/26,17:59:23.200,17:59:23.370,7.4,76.1,Acod,Y
679,Spectrogram 1,9,64768,64768.07,64.3,320.3,2013/11/26,17:59:28.000,17:59:28.070,7,100,Acod,Y
680,Spectrogram 1,9,64770.9,64771.14,70.3,320.3,2013/11/26,17:59:30.900,17:59:31.140,3.8,57.4,Acod,Y
682,Spectrogram 1,9,64781.8,64781.93,77.4,335.9,2013/11/26,17:59:41.800,17:59:41.930,18.8,37.4,Acod,Y
683,Spectrogram 1,9,64782.2,64782.34,20,320.3,2013/11/26,17:59:42.200,17:59:42.340,16.6,100,Acod,Y
684,Spectrogram 1,9,64783.4,64783.59,41.8,335.9,2013/11/26,17:59:43.400,17:59:43.590,11.7,100,Acod,Y
685,Spectrogram 1,9,64784,64784.16,70.1,328.1,2013/11/26,17:59:44.000,17:59:44.160,13.5,99.3,Acod,Y
686,Spectrogram 1,9,64788,64788.15,20,328.1,2013/11/26,17:59:48.000,17:59:48.150,14.8,100,Acod,Y
687,Spectrogram 1,9,64798.2,64798.38,60.1,320.3,2013/11/26,17:59:58.200,17:59:58.380,17.8,51.9,Acod,Y
688,Spectrogram 1,9,64798.6,64798.84,78.1,320.3,2013/11/26,17:59:58.600,17:59:58.840,17,100,Acod,Y
689,Spectrogram 1,9,64799.3,64799.55,34.7,296.9,2013/11/26,17:59:59.300,17:59:59.550,15.3,99.3,Acod,Y
690,Spectrogram 1,9,64799.8,64800.02,78.1,289.1,2013/11/26,17:59:59.800,18:00:00.020,13.8,100,Acod,Y
691,Spectrogram 1,9,64807.8,64807.97,60.1,335.9,2013/11/26,18:00:07.800,18:00:07.970,14,100,Acod,Y
692,Spectrogram 1,9,64826.1,64826.31,20,304.7,2013/11/26,18:00:26.100,18:00:26.310,19.4,65.4,Acod,Y
693,Spectrogram 1,9,64826.9,64827.1,70.3,320.3,2013/11/26,18:00:26.900,18:00:27.100,17.7,100,Acod,Y
694,Spectrogram 1,9,64828.7,64828.92,68.1,296.9,2013/11/26,18:00:28.700,18:00:28.920,18.2,100,Acod,Y
695,Spectrogram 1,9,64830.9,64831.05,42.1,304.7,2013/11/26,18:00:30.900,18:00:31.050,21.2,100,Acod,Y
696,Spectrogram 1,9,64831.5,64831.72,70.3,328.1,2013/11/26,18:00:31.500,18:00:31.720,19.7,100,Acod,Y
697,Spectrogram 1,9,64833.6,64833.72,79.1,289.1,2013/11/26,18:00:33.600,18:00:33.720,10.2,37.4,Acod,Y
698,Spectrogram 1,9,64834.3,64834.5,70.3,335.9,2013/11/26,18:00:34.300,18:00:34.500,5.4,100,Acod,Y
699,Spectrogram 1,9,64837.5,64837.7,70.3,328.1,2013/11/26,18:00:37.500,18:00:37.700,8.8,100,Acod,Y
700,Spectrogram 1,9,64839.4,64839.55,62.5,312.5,2013/11/26,18:00:39.400,18:00:39.550,5.3,50.6,Acod,Y
702,Spectrogram 1,9,64843.5,64843.73,62.5,328.1,2013/11/26,18:00:43.500,18:00:43.730,4.6,94.9,Acod,Y
703,Spectrogram 1,9,64844.4,64844.5,70.3,320.3,2013/11/26,18:00:44.400,18:00:44.500,5.7,75.8,Acod,Y
705,Spectrogram 1,9,64862.1,64862.24,62.5,320.3,2013/11/26,18:01:02.100,18:01:02.240,4.9,100,Acod,Y
706,Spectrogram 1,9,64876.9,64877.16,59.3,304.7,2013/11/26,18:01:16.900,18:01:17.160,16.3,100,Acod,Y
707,Spectrogram 1,9,64878.7,64878.93,59.3,335.9,2013/11/26,18:01:18.700,18:01:18.930,15.2,100,Acod,Y
708,Spectrogram 1,9,64881.4,64881.59,27.3,304.7,2013/11/26,18:01:21.400,18:01:21.590,15.5,100,Acod,Y
710,Spectrogram 1,9,64924.5,64924.64,54.7,328.1,2013/11/26,18:02:04.500,18:02:04.640,14.5,41.2,Acod,Y
713,Spectrogram 1,9,64933.8,64934.01,20,328.1,2013/11/26,18:02:13.800,18:02:14.010,16,88.5,Acod,Y
714,Spectrogram 1,9,64934.9,64935.02,42.7,289.1,2013/11/26,18:02:14.900,18:02:15.020,14.6,89,Acod,Y
715,Spectrogram 1,9,64959.2,64959.31,53.4,296.9,2013/11/26,18:02:39.200,18:02:39.310,17.2,95.4,Acod,Y
724,Spectrogram 1,9,65488.8,65488.91,78.1,328.1,2013/11/26,18:11:28.800,18:11:28.910,4.7,49.1,Acod,Y
748,Spectrogram 1,9,66142.3,66142.47,20,335.9,2013/11/26,18:22:22.300,18:22:22.470,6.1,94.5,Acod,Y
749,Spectrogram 1,9,66155.2,66155.4,20,328.1,2013/11/26,18:22:35.200,18:22:35.400,6.6,53.6,Acod,Y
813,Spectrogram 1,9,69369.5,69369.63,20,328.1,2013/11/26,19:16:09.500,19:16:09.630,8.5,100,Acod,Y
815,Spectrogram 1,9,69419.8,69420.07,42.2,320.3,2013/11/26,19:16:59.800,19:17:00.070,6.8,90.4,Acod,Y
846,Spectrogram 1,9,70881.3,70881.46,93.8,328.1,2013/11/26,19:41:21.300,19:41:21.460,5.3,100,Acod,Y
847,Spectrogram 1,9,70959,70959.15,54.7,320.3,2013/11/26,19:42:39.000,19:42:39.150,5.2,99.9,Acod,Y
849,Spectrogram 1,9,70963.2,70963.34,78.1,335.9,2013/11/26,19:42:43.200,19:42:43.340,5.4,55.3,Acod,Y
850,Spectrogram 1,9,70964.6,70964.79,70.3,320.3,2013/11/26,19:42:44.600,19:42:44.790,4.2,87.1,Acod,Y
859,Spectrogram 1,9,71313.7,71313.89,62.5,320.3,2013/11/26,19:48:33.700,19:48:33.890,7.1,100,Acod,Y
860,Spectrogram 1,9,71367.7,71367.94,37.5,328.1,2013/11/26,19:49:27.700,19:49:27.940,11.2,100,Acod,Y
885,Spectrogram 1,9,72526.4,72526.58,71.9,335.9,2013/11/26,20:08:46.400,20:08:46.580,4.2,83.5,Acod,Y
889,Spectrogram 1,9,72579.5,72579.75,20,328.1,2013/11/26,20:09:39.500,20:09:39.750,2.8,56.6,Acod,Y
892,Spectrogram 1,9,72662.9,72663.08,78.1,304.7,2013/11/26,20:11:02.900,20:11:03.080,5.1,89.2,Acod,Y
902,Spectrogram 1,9,73058.1,73058.24,66.8,335.9,2013/11/26,20:17:38.100,20:17:38.240,8.1,37.4,Acod,Y
903,Spectrogram 1,9,73059,73059.19,85.9,328.1,2013/11/26,20:17:39.000,20:17:39.190,6.8,72.5,Acod,Y
905,Spectrogram 1,9,73068.9,73069.04,85.9,320.3,2013/11/26,20:17:48.900,20:17:49.040,5,79.5,Acod,Y
914,Spectrogram 1,9,73402.2,73402.39,46.7,335.9,2013/11/26,20:23:22.200,20:23:22.390,4.8,52.6,Acod,Y
916,Spectrogram 1,9,73416.4,73416.52,62.5,335.9,2013/11/26,20:23:36.400,20:23:36.520,6.1,52.7,Acod,Y
928,Spectrogram 1,9,74024.5,74024.7,77.9,328.1,2013/11/26,20:33:44.500,20:33:44.700,8,100,Acod,Y
946,Spectrogram 1,9,74312.1,74312.25,78.1,304.7,2013/11/26,20:38:32.100,20:38:32.250,6.3,44.9,Acod,Y
961,Spectrogram 1,9,74762.5,74762.7,20,320.3,2013/11/26,20:46:02.500,20:46:02.700,14.5,100,Acod,Y
966,Spectrogram 1,9,74895.9,74896.11,54.1,335.9,2013/11/26,20:48:15.900,20:48:16.110,3.6,85.1,Acod,Y
977,Spectrogram 1,9,75189.7,75189.9,45.7,335.9,2013/11/26,20:53:09.700,20:53:09.900,10.4,43.1,Acod,Y
983,Spectrogram 1,9,75372.1,75372.32,39.5,328.1,2013/11/26,20:56:12.100,20:56:12.320,13.2,92.9,Acod,Y
988,Spectrogram 1,9,75487,75487.19,76.8,328.1,2013/11/26,20:58:07.000,20:58:07.190,7.5,70.2,Acod,Y
996,Spectrogram 1,9,75872.4,75872.55,42.1,328.1,2013/11/26,21:04:32.400,21:04:32.550,4.3,96.8,Acod,Y
1000,Spectrogram 1,9,75966.3,75966.43,49.3,335.9,2013/11/26,21:06:06.300,21:06:06.430,3.8,90.4,Acod,Y
1002,Spectrogram 1,9,75979.1,75979.28,62.8,328.1,2013/11/26,21:06:19.100,21:06:19.280,5.8,99.6,Acod,Y
1017,Spectrogram 1,9,76742.5,76742.68,40.9,320.3,2013/11/26,21:19:02.500,21:19:02.680,4.3,91.8,Acod,Y
1027,Spectrogram 1,9,77150.4,77150.59,68.9,320.3,2013/11/26,21:25:50.400,21:25:50.590,3.5,52.7,Acod,Y
1028,Spectrogram 1,9,77175.5,77175.64,76.4,335.9,2013/11/26,21:26:15.500,21:26:15.640,4.1,41.1,Acod,Y
1029,Spectrogram 1,9,77180.7,77180.87,78.1,328.1,2013/11/26,21:26:20.700,21:26:20.870,3.8,91.7,Acod,Y
1038,Spectrogram 1,9,77665.7,77665.94,54.7,328.1,2013/11/26,21:34:25.700,21:34:25.940,11.1,94.2,Acod,Y
1039,Spectrogram 1,9,77670.6,77670.77,70.3,328.1,2013/11/26,21:34:30.600,21:34:30.770,10.5,87.5,Acod,Y
1040,Spectrogram 1,9,77679.7,77679.84,57.1,312.5,2013/11/26,21:34:39.700,21:34:39.840,20.3,100,Acod,Y
1042,Spectrogram 1,9,77737.4,77737.59,54.3,296.9,2013/11/26,21:35:37.400,21:35:37.590,13.3,94.4,Acod,Y
1044,Spectrogram 1,9,77746.3,77746.5,20,304.7,2013/11/26,21:35:46.300,21:35:46.500,8.9,100,Acod,Y
1045,Spectrogram 1,9,77750.8,77750.91,40.7,312.5,2013/11/26,21:35:50.800,21:35:50.910,8.3,100,Acod,Y
1046,Spectrogram 1,9,77752.3,77752.42,62.8,335.9,2013/11/26,21:35:52.300,21:35:52.420,6.9,71.6,Acod,Y
1047,Spectrogram 1,9,77765.1,77765.24,54.1,304.7,2013/11/26,21:36:05.100,21:36:05.240,8,59.9,Acod,Y
1048,Spectrogram 1,9,77769.9,77770,70.3,296.9,2013/11/26,21:36:09.900,21:36:10.000,7.3,40.9,Acod,Y
1050,Spectrogram 1,9,77777.7,77777.79,71.6,320.3,2013/11/26,21:36:17.700,21:36:17.790,6.8,100,Acod,Y
1051,Spectrogram 1,9,77779.1,77779.24,59.1,335.9,2013/11/26,21:36:19.100,21:36:19.240,3.9,68,Acod,Y
1067,Spectrogram 1,9,78294,78294.2,70.3,328.1,2013/11/26,21:44:54.000,21:44:54.200,3.2,65.2,Acod,Y
1128,Spectrogram 1,9,80306,80306.13,70.3,320.3,2013/11/26,22:18:26.000,22:18:26.130,4.2,95.7,Acod,Y
1130,Spectrogram 1,9,80350.5,80350.6,62.5,304.7,2013/11/26,22:19:10.500,22:19:10.600,4.4,97.5,Acod,Y
1182,Spectrogram 1,9,82241.7,82241.78,63.8,304.7,2013/11/26,22:50:41.700,22:50:41.780,6.3,100,Acod,Y
2767,Spectrogram 1,9,77881.1,77881.24,73.9,328.1,2013/11/27,21:38:01.100,21:38:01.240,7.2,98.4,Acod,Y
59,Spectrogram 1,9,720.8,721.01,45.7,320.3,2013/11/28,00:12:00.800,00:12:01.010,9,100,Acod,Y
80,Spectrogram 1,9,933.2,933.41,20,328.1,2013/11/28,00:15:33.200,00:15:33.410,6.8,100,Acod,Y
1876,Spectrogram 1,9,45574.1,45574.26,20,312.5,2013/12/3,12:39:34.100,12:39:34.260,2.3,40.4,Acod,Y
1877,Spectrogram 1,9,45575.8,45575.98,70.3,335.9,2013/12/3,12:39:35.800,12:39:35.980,2.3,40.4,Acod,Y
1887,Spectrogram 1,9,45952.8,45952.99,61.8,312.5,2013/12/3,12:45:52.800,12:45:52.990,2.3,40.4,Acod,Y
1888,Spectrogram 1,9,45956.8,45956.96,63.3,312.5,2013/12/3,12:45:56.800,12:45:56.960,2.3,40.4,Acod,Y
1890,Spectrogram 1,9,45988.7,45988.88,70.3,312.5,2013/12/3,12:46:28.700,12:46:28.880,2.3,40.4,Acod,Y
1891,Spectrogram 1,9,45995.2,45995.35,51.1,335.9,2013/12/3,12:46:35.200,12:46:35.350,2.3,40.4,Acod,Y
1892,Spectrogram 1,9,45996.6,45996.78,61.3,320.3,2013/12/3,12:46:36.600,12:46:36.780,2.3,40.4,Acod,Y
1895,Spectrogram 1,9,46002.7,46002.83,70.3,335.9,2013/12/3,12:46:42.700,12:46:42.830,2.3,40.4,Acod,Y
1904,Spectrogram 1,9,46127.5,46127.68,54.7,320.3,2013/12/3,12:48:47.500,12:48:47.680,4.6,98.7,Acod,Y
1907,Spectrogram 1,9,46184.4,46184.57,70.3,320.3,2013/12/3,12:49:44.400,12:49:44.570,6.9,100,Acod,Y
1911,Spectrogram 1,9,46469.2,46469.43,70.3,335.9,2013/12/3,12:54:29.200,12:54:29.430,3.8,91.3,Acod,Y
1912,Spectrogram 1,9,46491,46491.18,54.3,328.1,2013/12/3,12:54:51.000,12:54:51.180,3.7,82.8,Acod,Y
1913,Spectrogram 1,9,46506.9,46507.12,70.3,289.1,2013/12/3,12:55:06.900,12:55:07.120,4.6,99.2,Acod,Y
1914,Spectrogram 1,9,46513.8,46513.98,70.3,304.7,2013/12/3,12:55:13.800,12:55:13.980,3.6,57.2,Acod,Y
2020,Spectrogram 1,9,52305.4,52305.53,53.9,335.9,2013/12/3,14:31:45.400,14:31:45.530,9.7,100,Acod,Y
2023,Spectrogram 1,9,52312.8,52313.03,70.3,296.9,2013/12/3,14:31:52.800,14:31:53.030,5.1,93.8,Acod,Y
2027,Spectrogram 1,9,52332.2,52332.37,62.3,304.7,2013/12/3,14:32:12.200,14:32:12.370,6.9,56.9,Acod,Y
2028,Spectrogram 1,9,52336.3,52336.41,70.3,312.5,2013/12/3,14:32:16.300,14:32:16.410,5.9,99.9,Acod,Y
2029,Spectrogram 1,9,52346.1,52346.28,56.1,335.9,2013/12/3,14:32:26.100,14:32:26.280,6.5,98.7,Acod,Y
2030,Spectrogram 1,9,52358.9,52359.05,70.3,335.9,2013/12/3,14:32:38.900,14:32:39.050,7.8,87.6,Acod,Y
2032,Spectrogram 1,9,52375.8,52376,70.3,320.3,2013/12/3,14:32:55.800,14:32:56.000,6.4,91.7,Acod,Y
2036,Spectrogram 1,9,52416.1,52416.25,70.3,328.1,2013/12/3,14:33:36.100,14:33:36.250,7.3,100,Acod,Y
2039,Spectrogram 1,9,52473.4,52473.6,62.3,320.3,2013/12/3,14:34:33.400,14:34:33.600,7.6,100,Acod,Y
2052,Spectrogram 1,9,52536.9,52537.04,61.3,296.9,2013/12/3,14:35:36.900,14:35:37.040,6.6,78.3,Acod,Y
2053,Spectrogram 1,9,52544.1,52544.22,62.5,328.1,2013/12/3,14:35:44.100,14:35:44.220,7.4,98.8,Acod,Y
2054,Spectrogram 1,9,52546,52546.19,62.5,328.1,2013/12/3,14:35:46.000,14:35:46.190,4.8,98.8,Acod,Y
2056,Spectrogram 1,9,52567.9,52568.05,70.3,328.1,2013/12/3,14:36:07.900,14:36:08.050,5.5,64.8,Acod,Y
2057,Spectrogram 1,9,52570.7,52570.87,70.3,312.5,2013/12/3,14:36:10.700,14:36:10.870,6.1,100,Acod,Y
2059,Spectrogram 1,9,52587.3,52587.4,50.9,320.3,2013/12/3,14:36:27.300,14:36:27.400,7,44.4,Acod,Y
2061,Spectrogram 1,9,52604.2,52604.47,70.3,320.3,2013/12/3,14:36:44.200,14:36:44.470,3.6,85.9,Acod,Y
2099,Spectrogram 1,9,53120.4,53120.53,52.6,320.3,2013/12/3,14:45:20.400,14:45:20.530,2.2,37.5,Acod,Y
2274,Spectrogram 1,9,55331,55331.18,70.3,335.9,2013/12/3,15:22:11.000,15:22:11.180,10.7,38.6,Acod,Y
2276,Spectrogram 1,9,55333.7,55333.88,59.3,312.5,2013/12/3,15:22:13.700,15:22:13.880,8,100,Acod,Y
2316,Spectrogram 1,9,56106.3,56106.4,70.3,304.7,2013/12/3,15:35:06.300,15:35:06.400,8.5,100,Acod,Y
2742,Spectrogram 1,9,64880.9,64881.1,45.1,320.3,2013/12/3,18:01:20.900,18:01:21.100,5.8,100,Acod,Y
2743,Spectrogram 1,9,64888.9,64889.05,78.1,304.7,2013/12/3,18:01:28.900,18:01:29.050,7.8,100,Acod,Y
2744,Spectrogram 1,9,64890.5,64890.62,78.1,312.5,2013/12/3,18:01:30.500,18:01:30.620,6.1,100,Acod,Y
271,Spectrogram 1,9,8213.4,8213.63,20,304.7,2013/12/4,02:16:53.400,02:16:53.630,6.8,100,Acod,Y
1104,Spectrogram 1,9,54881.2,54881.39,61.8,328.1,2013/12/4,15:14:41.200,15:14:41.390,9.2,37.4,Acod,Y
1105,Spectrogram 1,9,54886.1,54886.24,70.3,296.9,2013/12/4,15:14:46.100,15:14:46.240,8.2,40.4,Acod,Y
1106,Spectrogram 1,9,54887.5,54887.61,62.5,335.9,2013/12/4,15:14:47.500,15:14:47.610,7.8,40.2,Acod,Y
1107,Spectrogram 1,9,54888.2,54888.37,62.8,320.3,2013/12/4,15:14:48.200,15:14:48.370,7.6,100,Acod,Y
1109,Spectrogram 1,9,54911.3,54911.45,70.3,328.1,2013/12/4,15:15:11.300,15:15:11.450,13.5,100,Acod,Y
1110,Spectrogram 1,9,54928.7,54928.83,62.1,304.7,2013/12/4,15:15:28.700,15:15:28.830,11.4,100,Acod,Y
1113,Spectrogram 1,9,54952.2,54952.36,67.9,289.1,2013/12/4,15:15:52.200,15:15:52.360,4.5,86.8,Acod,Y
1114,Spectrogram 1,9,54956.4,54956.65,20,335.9,2013/12/4,15:15:56.400,15:15:56.650,3.2,74.1,Acod,Y
1614,Spectrogram 1,9,74354.5,74354.68,46.3,304.7,2013/12/4,20:39:14.500,20:39:14.680,5.8,37.4,Acod,Y
1615,Spectrogram 1,9,74356.7,74356.9,54.7,320.3,2013/12/4,20:39:16.700,20:39:16.900,6,75.7,Acod,Y
1631,Spectrogram 1,9,74732.9,74733.1,29.7,320.3,2013/12/4,20:45:32.900,20:45:33.100,4.5,82.3,Acod,Y
1632,Spectrogram 1,9,74739.9,74740.09,49.9,304.7,2013/12/4,20:45:39.900,20:45:40.090,5.6,100,Acod,Y
1633,Spectrogram 1,9,74741.2,74741.43,70.3,320.3,2013/12/4,20:45:41.200,20:45:41.430,3.5,76.5,Acod,Y
1485,Spectrogram 1,9,71912.4,71912.53,48.5,304.7,2013/12/5,19:58:32.400,19:58:32.530,5.2,100,Acod,Y
1488,Spectrogram 1,9,71930.3,71930.51,53.9,328.1,2013/12/5,19:58:50.300,19:58:50.510,12.7,100,Acod,Y
1490,Spectrogram 1,9,71984.8,71984.97,70.6,312.5,2013/12/5,19:59:44.800,19:59:44.970,10,62.8,Acod,Y
1491,Spectrogram 1,9,71987.1,71987.2,20,320.3,2013/12/5,19:59:47.100,19:59:47.200,9.4,63.1,Acod,Y
1499,Spectrogram 1,9,72849.6,72849.79,53.8,335.9,2013/12/5,20:14:09.600,20:14:09.790,15.4,100,Acod,Y
1500,Spectrogram 1,9,72862.5,72862.65,20,335.9,2013/12/5,20:14:22.500,20:14:22.650,11,93.5,Acod,Y
1967,Spectrogram 1,9,70390,70390.22,34,320.3,2013/12/6,19:33:10.000,19:33:10.220,9.6,86.3,Acod,Y
1968,Spectrogram 1,9,70398.5,70398.67,70.3,312.5,2013/12/6,19:33:18.500,19:33:18.670,7.6,100,Acod,Y
1969,Spectrogram 1,9,70405.5,70405.64,70.3,328.1,2013/12/6,19:33:25.500,19:33:25.640,7.8,100,Acod,Y
1971,Spectrogram 1,9,70414.4,70414.57,31,312.5,2013/12/6,19:33:34.400,19:33:34.570,4.6,98.9,Acod,Y
1973,Spectrogram 1,9,70495.3,70495.47,67.9,312.5,2013/12/6,19:34:55.300,19:34:55.470,8.1,100,Acod,Y
1979,Spectrogram 1,9,70512.2,70512.29,70.3,304.7,2013/12/6,19:35:12.200,19:35:12.290,6.5,100,Acod,Y
2094,Spectrogram 1,9,76148.8,76148.92,68.9,312.5,2013/12/6,21:09:08.800,21:09:08.920,4.1,94.5,Acod,Y
1492,Spectrogram 1,9,47590.4,47590.52,26.7,320.3,2013/12/7,13:13:10.400,13:13:10.520,9.5,100,Acod,Y
1494,Spectrogram 1,9,47603,47603.09,56,320.3,2013/12/7,13:13:23.000,13:13:23.090,5.5,91.6,Acod,Y
732,Spectrogram 1,9,42177.4,42177.55,63.3,312.5,2013/12/13,11:42:57.400,11:42:57.550,4.3,96.7,Acod,Y
733,Spectrogram 1,9,42209.3,42209.45,20,335.9,2013/12/13,11:43:29.300,11:43:29.450,5.4,100,Acod,Y
734,Spectrogram 1,9,42211.7,42211.84,36.3,312.5,2013/12/13,11:43:31.700,11:43:31.840,5.6,93.6,Acod,Y
736,Spectrogram 1,9,42243.1,42243.28,56.1,328.1,2013/12/13,11:44:03.100,11:44:03.280,4.3,96.8,Acod,Y
741,Spectrogram 1,9,42277.8,42277.97,60.8,335.9,2013/12/13,11:44:37.800,11:44:37.970,6,100,Acod,Y
742,Spectrogram 1,9,42280.4,42280.54,70.3,328.1,2013/12/13,11:44:40.400,11:44:40.540,5.1,66.6,Acod,Y
743,Spectrogram 1,9,42282.6,42282.73,62.5,335.9,2013/12/13,11:44:42.600,11:44:42.730,4.6,99.1,Acod,Y
1759,Spectrogram 1,9,47450.7,47450.89,55.9,304.7,2013/12/14,13:10:50.700,13:10:50.890,5.6,79,Acod,Y
1760,Spectrogram 1,9,47465.3,47465.39,70.3,312.5,2013/12/14,13:11:05.300,13:11:05.390,6.6,100,Acod,Y
1761,Spectrogram 1,9,47468,47468.23,52.5,335.9,2013/12/14,13:11:08.000,13:11:08.230,4.8,99.7,Acod,Y
1762,Spectrogram 1,9,47469.2,47469.35,55.6,289.1,2013/12/14,13:11:09.200,13:11:09.350,4.2,92.3,Acod,Y
1763,Spectrogram 1,9,47471.6,47471.81,70.3,328.1,2013/12/14,13:11:11.600,13:11:11.810,4.2,96,Acod,Y
1764,Spectrogram 1,9,47473.9,47474.05,39.7,320.3,2013/12/14,13:11:13.900,13:11:14.050,3.7,89.5,Acod,Y
1765,Spectrogram 1,9,47488.1,47488.23,70.3,328.1,2013/12/14,13:11:28.100,13:11:28.230,6.5,100,Acod,Y
1766,Spectrogram 1,9,47491.9,47492.08,20,328.1,2013/12/14,13:11:31.900,13:11:32.080,3.6,87.4,Acod,Y
1767,Spectrogram 1,9,47496.2,47496.38,35.2,328.1,2013/12/14,13:11:36.200,13:11:36.380,4.1,94.9,Acod,Y
1769,Spectrogram 1,9,47506.4,47506.55,50.1,312.5,2013/12/14,13:11:46.400,13:11:46.550,3.3,77.4,Acod,Y
1770,Spectrogram 1,9,47507.6,47507.8,20,273.4,2013/12/14,13:11:47.600,13:11:47.800,3.2,72.4,Acod,Y
1771,Spectrogram 1,9,47510.3,47510.5,70.3,335.9,2013/12/14,13:11:50.300,13:11:50.500,2.7,46.8,Acod,Y
1922,Spectrogram 1,9,54549.6,54549.75,61.9,328.1,2013/12/14,15:09:09.600,15:09:09.750,11.2,100,Acod,Y
1923,Spectrogram 1,9,54552.1,54552.24,54.7,335.9,2013/12/14,15:09:12.100,15:09:12.240,7.4,100,Acod,Y
1925,Spectrogram 1,9,54558.9,54559.09,20,320.3,2013/12/14,15:09:18.900,15:09:19.090,7.4,100,Acod,Y
1926,Spectrogram 1,9,54589.4,54589.54,43.4,335.9,2013/12/14,15:09:49.400,15:09:49.540,9.8,100,Acod,Y
1927,Spectrogram 1,9,54591.6,54591.73,62.3,335.9,2013/12/14,15:09:51.600,15:09:51.730,7.8,98.4,Acod,Y
1928,Spectrogram 1,9,54594.4,54594.61,76.4,312.5,2013/12/14,15:09:54.400,15:09:54.610,9.3,100,Acod,Y
1930,Spectrogram 1,9,54614.3,54614.49,20,257.8,2013/12/14,15:10:14.300,15:10:14.490,8.7,100,Acod,Y
1931,Spectrogram 1,9,54619.6,54619.83,48.1,304.7,2013/12/14,15:10:19.600,15:10:19.830,7.6,100,Acod,Y
1932,Spectrogram 1,9,54624.3,54624.49,70.3,304.7,2013/12/14,15:10:24.300,15:10:24.490,7.1,99.9,Acod,Y
1933,Spectrogram 1,9,54629.5,54629.72,56.1,304.7,2013/12/14,15:10:29.500,15:10:29.720,7,100,Acod,Y
1935,Spectrogram 1,9,54650.2,54650.37,55.9,304.7,2013/12/14,15:10:50.200,15:10:50.370,5.6,100,Acod,Y
1936,Spectrogram 1,9,54651.9,54652.05,37.7,335.9,2013/12/14,15:10:51.900,15:10:52.050,4.1,83.9,Acod,Y
1937,Spectrogram 1,9,54653.7,54653.89,40.1,328.1,2013/12/14,15:10:53.700,15:10:53.890,4.2,43.1,Acod,Y
1939,Spectrogram 1,9,54656.3,54656.45,47.2,304.7,2013/12/14,15:10:56.300,15:10:56.450,5.9,99.4,Acod,Y
1947,Spectrogram 1,9,54826.8,54826.94,20,328.1,2013/12/14,15:13:46.800,15:13:46.940,6.9,93.2,Acod,Y
1949,Spectrogram 1,9,54834.7,54834.89,61.9,320.3,2013/12/14,15:13:54.700,15:13:54.890,5.5,100,Acod,Y
1569,Spectrogram 1,9,48089.3,48089.49,68.6,328.1,2013/12/17,13:21:29.300,13:21:29.490,9.8,100,Acod,Y
1078,Spectrogram 1,9,53418.6,53418.76,61.9,320.3,2013/12/18,14:50:18.600,14:50:18.760,7.2,99.7,Acod,Y
1453,Spectrogram 1,9,53479.6,53479.75,70.3,328.1,2013/12/21,14:51:19.600,14:51:19.750,5.8,100,Acod,Y
1454,Spectrogram 1,9,53486.7,53486.81,62.3,328.1,2013/12/21,14:51:26.700,14:51:26.810,6.3,85.9,Acod,Y
1455,Spectrogram 1,9,53487.7,53487.83,62.5,328.1,2013/12/21,14:51:27.700,14:51:27.830,4.9,99.9,Acod,Y
1315,Spectrogram 1,9,47621.8,47622.01,70.3,328.1,2013/12/24,13:13:41.800,13:13:42.010,5.7,100,Acod,Y
822,Spectrogram 1,9,53089.3,53089.49,70.6,312.5,2013/12/25,14:44:49.300,14:44:49.490,8.1,100,Acod,Y
885,Spectrogram 1,9,58703.5,58703.7,70.3,328.1,2013/12/25,16:18:23.500,16:18:23.700,3.8,70.5,Acod,Y
888,Spectrogram 1,9,58819.8,58819.89,62.5,312.5,2013/12/25,16:20:19.800,16:20:19.890,5.5,99.9,Acod,Y
919,Spectrogram 1,9,61008.8,61009.01,54.3,335.9,2013/12/25,16:56:48.800,16:56:49.010,5.6,77.1,Acod,Y
920,Spectrogram 1,9,61018.6,61018.73,63.3,312.5,2013/12/25,16:56:58.600,16:56:58.730,3.8,63.5,Acod,Y
926,Spectrogram 1,9,61374,61374.11,62.5,320.3,2013/12/25,17:02:54.000,17:02:54.110,5.1,92.3,Acod,Y
927,Spectrogram 1,9,61375.1,61375.29,62.5,289.1,2013/12/25,17:02:55.100,17:02:55.290,3.3,61.5,Acod,Y
954,Spectrogram 1,9,62599.6,62599.77,60.8,312.5,2013/12/25,17:23:19.600,17:23:19.770,3.5,86.8,Acod,Y
957,Spectrogram 1,9,62639.5,62639.66,70.3,328.1,2013/12/25,17:23:59.500,17:23:59.660,3.6,37.6,Acod,Y
1146,Spectrogram 1,9,68178.2,68178.39,54.7,320.3,2013/12/25,18:56:18.200,18:56:18.390,5.8,92.9,Acod,Y
1175,Spectrogram 1,9,68894.4,68894.57,58.1,335.9,2013/12/25,19:08:14.400,19:08:14.570,4.4,98,Acod,Y
1196,Spectrogram 1,9,69548.9,69549.11,78.1,328.1,2013/12/25,19:19:08.900,19:19:09.110,3.7,90.2,Acod,Y
1243,Spectrogram 1,9,70867.3,70867.45,43.3,335.9,2013/12/25,19:41:07.300,19:41:07.450,6.5,59.9,Acod,Y
1244,Spectrogram 1,9,70883.6,70883.82,62.5,289.1,2013/12/25,19:41:23.600,19:41:23.820,5,94.1,Acod,Y
1247,Spectrogram 1,9,70964.3,70964.46,62.5,335.9,2013/12/25,19:42:44.300,19:42:44.460,5.8,54.2,Acod,Y
1252,Spectrogram 1,9,71102.1,71102.29,20,312.5,2013/12/25,19:45:02.100,19:45:02.290,5.7,100,Acod,Y
1260,Spectrogram 1,9,71413.2,71413.48,41.2,335.9,2013/12/25,19:50:13.200,19:50:13.480,4,51,Acod,Y
1264,Spectrogram 1,9,71555.8,71555.99,62.1,328.1,2013/12/25,19:52:35.800,19:52:35.990,6.5,96.7,Acod,Y
1270,Spectrogram 1,9,71654.6,71654.81,68.6,304.7,2013/12/25,19:54:14.600,19:54:14.810,5.4,100,Acod,Y
1298,Spectrogram 1,9,72681.1,72681.27,57.1,312.5,2013/12/25,20:11:21.100,20:11:21.270,4.7,80.5,Acod,Y
1307,Spectrogram 1,9,73048.9,73049.06,68.1,312.5,2013/12/25,20:17:28.900,20:17:29.060,6.1,90.3,Acod,Y
1313,Spectrogram 1,9,73237.3,73237.49,62.1,320.3,2013/12/25,20:20:37.300,20:20:37.490,7.3,100,Acod,Y
846,Spectrogram 1,9,62475.8,62476.01,20,328.1,2013/12/27,17:21:15.800,17:21:16.010,5.9,100,Acod,Y
1470,Spectrogram 1,9,74020.6,74020.74,28.3,320.3,2013/12/29,20:33:40.600,20:33:40.740,8.1,100,Acod,Y
