Datetime,Tag_ID,Latitude,Longitude,Signal,Noise
12/26/2019 0:07,A69-1602-58722,41.17014,-71.12105,39,27
12/26/2019 0:10,A69-1602-58722,41.17041,-71.12078,42.5,27
12/26/2019 0:12,A69-1602-58722,41.17064,-71.12056,35.5,24.5
12/26/2019 0:14,A69-1602-58722,41.17076,-71.12045,38.5,25
12/26/2019 0:15,A69-1602-58722,41.17088,-71.12033,44.5,25
12/26/2019 0:16,A69-1602-58722,41.17098,-71.12024,47,24.5
12/26/2019 0:17,A69-1602-58722,41.17105,-71.12017,46,24.5
12/26/2019 0:18,A69-1602-58722,41.17112,-71.1201,47.5,24.5
12/26/2019 0:18,A69-1602-58722,41.1712,-71.12003,38.5,24
12/26/2019 0:19,A69-1602-58722,41.17128,-71.11995,45,23.5
12/26/2019 0:20,A69-1602-58722,41.17138,-71.11985,37.5,24.5
12/26/2019 0:22,A69-1602-58722,41.17152,-71.11973,46,24
12/26/2019 0:23,A69-1602-58722,41.17164,-71.1196,41,24
12/26/2019 0:24,A69-1602-58722,41.17177,-71.11948,42.5,24
12/26/2019 0:27,A69-1602-58722,41.172,-71.11926,41.5,24
12/26/2019 0:28,A69-1602-58722,41.17209,-71.11917,43.5,24.5
12/26/2019 0:29,A69-1602-58722,41.1722,-71.11907,38.5,24
12/26/2019 0:30,A69-1602-58722,41.17229,-71.11899,42.5,25
12/26/2019 0:31,A69-1602-58722,41.17239,-71.11889,38.5,25
12/26/2019 0:32,A69-1602-58722,41.17247,-71.11881,49,25.5
12/26/2019 0:34,A69-1602-58722,41.17265,-71.11864,43,26
12/26/2019 0:39,A69-1602-58722,41.17315,-71.11816,39,26.5
12/26/2019 0:40,A69-1602-58722,41.17324,-71.11806,37.5,25.5
12/27/2019 15:03,A69-1602-58782,41.01271,-71.17384,47,29.5
12/27/2019 15:11,A69-1602-58782,41.01115,-71.17389,45,30
12/27/2019 15:12,A69-1602-58782,41.01094,-71.1739,45,30.5
12/27/2019 15:12,A69-1602-58782,41.0108,-71.1739,50.5,31
12/27/2019 15:13,A69-1602-58782,41.01064,-71.17391,53,30
12/27/2019 15:14,A69-1602-58782,41.01047,-71.17391,51,31
12/27/2019 15:19,A69-1602-58782,41.00951,-71.17394,49,31.5
12/27/2019 15:20,A69-1602-58782,41.00932,-71.17395,45.5,31
12/27/2019 15:21,A69-1602-58782,41.00906,-71.17396,66,32
12/27/2019 15:23,A69-1602-58782,41.00881,-71.17397,57.5,33
12/27/2019 15:24,A69-1602-58782,41.00859,-71.17397,62,34.5
12/27/2019 15:25,A69-1602-58782,41.00842,-71.17398,58,34
12/27/2019 15:26,A69-1602-58782,41.00822,-71.17399,63.5,34
12/27/2019 15:27,A69-1602-58782,41.00797,-71.174,66.5,34.5
12/27/2019 15:28,A69-1602-58782,41.00772,-71.174,69.5,35.5
12/27/2019 15:29,A69-1602-58782,41.00751,-71.17401,66.5,36
12/27/2019 15:30,A69-1602-58782,41.00736,-71.17402,65,36
12/27/2019 15:31,A69-1602-58782,41.0072,-71.17402,71.5,37
12/27/2019 15:32,A69-1602-58782,41.00702,-71.17403,59.5,35.5
12/27/2019 15:33,A69-1602-58782,41.00678,-71.17403,70.5,37.5
12/27/2019 15:34,A69-1602-58782,41.0066,-71.17404,69.5,38.5
12/27/2019 15:37,A69-1602-58782,41.00597,-71.17406,52,35.5
12/27/2019 15:38,A69-1602-58782,41.00579,-71.17406,55,34
12/27/2019 15:39,A69-1602-58782,41.00558,-71.17407,59.5,36.5
12/27/2019 15:45,A69-1303-47597,41.00447,-71.17411,42.5,31
12/27/2019 15:50,A69-1303-47597,41.00359,-71.17414,43,31.5
12/27/2019 15:52,A69-1303-47597,41.00315,-71.17415,56.5,37
12/27/2019 15:59,A69-1303-47597,41.00178,-71.17419,41.5,29.5
12/30/2019 23:30,A69-1602-58727,41.11401,-71.33968,46,29
12/30/2019 23:41,A69-1602-58727,41.11207,-71.34158,39.5,30
12/30/2019 23:42,A69-1602-58727,41.11185,-71.3418,47.5,33
12/30/2019 23:43,A69-1602-58727,41.11167,-71.34197,49,32.5
12/30/2019 23:45,A69-1602-58727,41.11125,-71.34238,49,31
12/30/2019 23:57,A69-1602-58727,41.10904,-71.34456,39.5,29
1/3/2020 14:51,A69-1602-58722,41.11437,-71.13538,41.5,26.5
1/3/2020 14:57,A69-1602-58722,41.115,-71.13539,39.5,26.5
1/3/2020 15:07,A69-1602-58722,41.11618,-71.1354,43.5,30.5
1/3/2020 15:07,A69-1602-58722,41.11628,-71.1354,52,29
1/3/2020 15:08,A69-1602-58722,41.11637,-71.1354,45,27.5
1/3/2020 15:10,A69-1602-58722,41.11662,-71.1354,47,27.5
1/3/2020 15:11,A69-1602-58722,41.11671,-71.1354,48,27.5
1/3/2020 15:12,A69-1602-58722,41.11679,-71.13538,46.5,27.5
1/3/2020 15:13,A69-1602-58722,41.11689,-71.13537,41,28
1/3/2020 15:14,A69-1602-58722,41.11701,-71.13535,47,28.5
1/3/2020 15:15,A69-1602-58722,41.11713,-71.13534,45.5,28.5
1/3/2020 15:17,A69-1602-58722,41.11723,-71.13532,42.5,28
1/3/2020 15:17,A69-1602-58722,41.11731,-71.13531,51.5,29.5
1/3/2020 15:18,A69-1602-58722,41.11739,-71.1353,53,29.5
1/3/2020 15:19,A69-1602-58722,41.1175,-71.13528,57.5,29
1/3/2020 15:20,A69-1602-58722,41.11758,-71.13527,47.5,28.5
1/3/2020 15:21,A69-1602-58722,41.11766,-71.13526,57.5,29
1/3/2020 15:22,A69-1602-58722,41.11777,-71.13525,50.5,30
1/3/2020 15:23,A69-1602-58722,41.11785,-71.13523,47.5,29.5
1/3/2020 15:24,A69-1602-58722,41.11794,-71.13522,46.5,30
1/3/2020 15:25,A69-1602-58722,41.11805,-71.1352,50.5,29
1/3/2020 15:29,A69-1602-58722,41.1184,-71.13515,55.5,31.5
1/3/2020 15:30,A69-1602-58722,41.11852,-71.13513,65,31.5
1/3/2020 15:31,A69-1602-58722,41.11861,-71.13512,63.5,33
1/3/2020 15:33,A69-1602-58722,41.11875,-71.1351,63,31.5
1/3/2020 15:34,A69-1602-58722,41.11888,-71.13509,59.5,31
1/3/2020 15:35,A69-1602-58722,41.119,-71.13506,55,30.5
1/3/2020 15:37,A69-1602-58722,41.11913,-71.13505,57.5,30.5
1/3/2020 15:38,A69-1602-58722,41.11926,-71.13503,54.5,31.5
1/3/2020 15:39,A69-1602-58722,41.11937,-71.13501,62.5,32
1/3/2020 15:40,A69-1602-58722,41.11946,-71.135,66.5,31.5
1/3/2020 15:42,A69-1602-58722,41.11959,-71.13498,51,33
1/3/2020 15:43,A69-1602-58722,41.11971,-71.13496,60.5,32.5
1/3/2020 15:45,A69-1602-58722,41.11992,-71.13493,61,32
1/3/2020 15:46,A69-1602-58722,41.12004,-71.13492,57.5,32
1/3/2020 15:48,A69-1602-58722,41.12014,-71.1349,51.5,32
1/3/2020 15:48,A69-1602-58722,41.12022,-71.13489,59,32
1/3/2020 15:51,A69-1602-58722,41.12043,-71.13486,55,32.5
1/3/2020 15:52,A69-1602-58722,41.12053,-71.13484,59.5,32
1/3/2020 15:53,A69-1602-58722,41.12066,-71.13483,54,30.5
1/3/2020 15:54,A69-1602-58722,41.12079,-71.13481,56.5,30
1/3/2020 15:57,A69-1602-58722,41.12105,-71.13477,54,31
1/3/2020 16:00,A69-1602-58722,41.12129,-71.13474,59.5,30
1/3/2020 16:01,A69-1602-58722,41.1214,-71.13472,45,30
1/3/2020 16:02,A69-1602-58722,41.12149,-71.1347,44.5,29
1/3/2020 16:04,A69-1602-58722,41.12169,-71.13467,45.5,28
1/3/2020 16:05,A69-1602-58722,41.1218,-71.13466,46,28
1/3/2020 16:09,A69-1602-58722,41.12219,-71.13461,47.5,28
1/3/2020 16:10,A69-1602-58722,41.12227,-71.1346,45.5,28
1/3/2020 16:15,A69-1602-58722,41.12275,-71.13453,41.5,27
1/3/2020 16:56,A69-1602-58722,41.1266,-71.13397,39,25
1/3/2020 16:58,A69-1602-58722,41.12672,-71.13396,43,25.5
1/3/2020 16:59,A69-1602-58722,41.12684,-71.13393,41.5,26.5
1/3/2020 17:00,A69-1602-58722,41.12695,-71.13392,45.5,26.5
1/3/2020 17:03,A69-1602-58722,41.12724,-71.13388,40.5,25
1/3/2020 17:08,A69-1602-58722,41.12771,-71.13381,39,25
1/7/2020 11:45,A69-9001-16029,41.03908,-71.34527,41.5,24.5
1/7/2020 11:52,A69-9001-16029,41.03977,-71.34509,44,25
1/7/2020 11:53,A69-9001-16029,41.03987,-71.34505,51,25
1/7/2020 11:57,A69-9001-16029,41.04015,-71.34498,47.5,25
1/20/2020 20:52,A69-1602-58727,41.03222,-71.39691,42,30.5
1/20/2020 21:00,A69-1602-58727,41.03305,-71.39635,38.5,30
1/20/2020 21:04,A69-1602-58727,41.03347,-71.39608,43,29.5
1/20/2020 21:07,A69-1602-58727,41.03378,-71.39587,55,31
1/20/2020 21:09,A69-1602-58727,41.03403,-71.39571,47,31
1/20/2020 21:12,A69-1602-58727,41.0343,-71.39553,43,32.5
1/20/2020 21:15,A69-1602-58727,41.03467,-71.39529,45,35
1/20/2020 21:17,A69-1602-58727,41.03491,-71.39513,50.5,34
1/20/2020 21:18,A69-1602-58727,41.03504,-71.39504,50.5,32
1/20/2020 21:19,A69-1602-58727,41.03514,-71.39497,47.5,30.5
1/20/2020 21:21,A69-1602-58727,41.03527,-71.39488,51,32
1/20/2020 21:22,A69-1602-58727,41.03539,-71.39481,51,31
1/20/2020 21:23,A69-1602-58727,41.03547,-71.39475,49,31
1/20/2020 21:23,A69-1602-58727,41.03556,-71.3947,51.5,34.5
1/20/2020 21:24,A69-1602-58727,41.03566,-71.39463,53.5,32
1/20/2020 21:25,A69-1602-58727,41.03578,-71.39455,42.5,31.5
1/20/2020 21:26,A69-1602-58727,41.03588,-71.39449,55,33.5
1/20/2020 21:28,A69-1602-58727,41.03609,-71.39434,49,32
1/20/2020 21:48,A69-1602-58727,41.03816,-71.39297,41.5,29.5
1/20/2020 21:51,A69-1602-58727,41.03827,-71.3929,37.5,30
1/20/2020 21:53,A69-1602-58727,41.03827,-71.3929,42,31
1/20/2020 21:56,A69-1602-58727,41.03827,-71.3929,43,31
1/20/2020 22:00,A69-1602-58727,41.03827,-71.3929,52.5,33.5
1/20/2020 22:01,A69-1602-58727,41.03827,-71.3929,47.5,32
1/20/2020 22:05,A69-1602-58727,41.03854,-71.39277,47,31.5
1/20/2020 22:08,A69-1602-58727,41.03883,-71.39264,48,30.5
1/20/2020 22:10,A69-1602-58727,41.03896,-71.39258,43.5,34.5
1/20/2020 22:13,A69-1602-58727,41.03918,-71.39247,46.5,30.5
1/20/2020 22:18,A69-1602-58727,41.03963,-71.39227,42.5,30.5
1/20/2020 22:19,A69-1602-58727,41.03975,-71.39221,50.5,31.5
1/20/2020 22:22,A69-1602-58727,41.03995,-71.39212,50.5,30.5
1/20/2020 22:23,A69-1602-58727,41.04003,-71.39208,42,29.5
1/20/2020 22:28,A69-1602-58727,41.04049,-71.39187,52.5,30
1/20/2020 22:29,A69-1602-58727,41.04058,-71.39183,48.5,29
1/20/2020 22:35,A69-1602-58727,41.041,-71.39163,43,30.5
1/27/2020 22:41,A69-1602-58769,41.03585,-71.21828,39,27
1/27/2020 22:57,A69-1602-58769,41.03882,-71.21775,39.5,30
1/27/2020 23:04,A69-1602-58774,41.04004,-71.21754,42,30.5
1/27/2020 23:04,A69-1602-58769,41.04013,-71.21751,45.5,28
1/27/2020 23:06,A69-1602-58774,41.04048,-71.21746,44.5,31
1/27/2020 23:10,A69-1602-58717,41.04113,-71.21734,45,30.5
1/27/2020 23:11,A69-1602-58774,41.04136,-71.2173,45,30.5
1/27/2020 23:13,A69-1602-58774,41.0416,-71.21725,49.5,30.5
1/27/2020 23:13,A69-1602-58772,41.04165,-71.21725,42,30.5
1/27/2020 23:14,A69-1602-58774,41.04182,-71.21722,51.5,30
1/27/2020 23:17,A69-1602-58774,41.04249,-71.2171,48,31.5
1/27/2020 23:21,A69-1602-58774,41.04307,-71.217,46,31.5
1/27/2020 23:24,A69-1602-58774,41.04359,-71.2169,43,31
1/27/2020 23:24,A69-1602-58774,41.04377,-71.21687,44.5,31.5
1/27/2020 23:26,A69-1602-58774,41.04399,-71.21684,42.5,32.5
1/27/2020 23:28,A69-1602-58774,41.04435,-71.21677,44.5,31.5
1/27/2020 23:29,A69-1602-58774,41.04452,-71.21674,44,32
1/27/2020 23:31,A69-1602-58774,41.04492,-71.21667,44.5,31
1/27/2020 23:32,A69-1602-58774,41.04514,-71.21663,45,34
1/27/2020 23:33,A69-1602-58774,41.04535,-71.21659,45.5,29.5
1/27/2020 23:34,A69-1602-58774,41.04551,-71.21656,46.5,31.5
1/27/2020 23:35,A69-1602-58774,41.04569,-71.21653,46.5,31
1/27/2020 23:39,A69-1602-58774,41.04649,-71.21639,50.5,30.5
1/27/2020 23:40,A69-1602-58774,41.04663,-71.21636,53.5,32
1/27/2020 23:41,A69-1602-58774,41.0468,-71.21633,47.5,30.5
1/27/2020 23:48,A69-1602-58774,41.04802,-71.21612,45.5,30.5
1/28/2020 0:09,A69-1602-58774,41.05077,-71.21563,42.5,30
1/30/2020 4:17,A69-1602-58774,41.04865,-71.22828,46,33.5
1/30/2020 4:24,A69-1602-58772,41.04743,-71.2281,39.5,32
1/30/2020 4:25,A69-1602-58774,41.04734,-71.22808,45.5,30
1/30/2020 4:29,A69-1602-58774,41.04675,-71.228,46,32
1/30/2020 4:30,A69-1602-58774,41.04655,-71.22797,53,32
1/30/2020 4:31,A69-1602-58775,41.04644,-71.22794,45.5,31.5
1/30/2020 4:31,A69-1602-58772,41.04641,-71.22794,53,33
1/30/2020 4:31,A69-1602-58717,41.04639,-71.22794,41.5,32.5
1/30/2020 4:31,A69-1602-58774,41.04635,-71.22794,58,32
1/30/2020 4:33,A69-1602-58775,41.04611,-71.2279,43,30.5
1/30/2020 4:33,A69-1602-58774,41.04606,-71.22789,57,33
1/30/2020 4:34,A69-1602-58774,41.04594,-71.22787,54,33.5
1/30/2020 4:35,A69-1602-58774,41.04579,-71.22785,47,34
1/30/2020 4:36,A69-1602-58774,41.04561,-71.22782,46.5,35.5
1/30/2020 4:36,A69-1602-58717,41.04559,-71.22782,45,34
1/30/2020 4:36,A69-1602-58775,41.04556,-71.22781,44,33
1/30/2020 4:37,A69-1602-58774,41.04546,-71.2278,56,33
1/30/2020 4:37,A69-1602-58775,41.04543,-71.2278,46.5,32.5
1/30/2020 4:58,A69-1602-58775,41.04209,-71.22757,55,31.5
1/30/2020 4:58,A69-1602-58769,41.04202,-71.22757,53,31
1/30/2020 4:58,A69-1602-58717,41.04199,-71.22757,58.5,38
1/30/2020 4:59,A69-1602-58772,41.04188,-71.22758,51.5,33.5
1/30/2020 5:01,A69-1602-58769,41.04158,-71.22759,54.5,30
1/30/2020 5:01,A69-1602-58775,41.04156,-71.22759,55.5,31.5
1/30/2020 5:01,A69-1602-58772,41.04147,-71.2276,54,33.5
1/30/2020 5:02,A69-1602-58775,41.0413,-71.22761,67,37
1/30/2020 5:02,A69-1602-58769,41.04129,-71.22761,67,37
1/30/2020 5:03,A69-1602-58717,41.04127,-71.22761,70.5,39.5
1/30/2020 5:03,A69-1602-58774,41.0412,-71.22761,47,30
1/30/2020 5:03,A69-1602-58775,41.04116,-71.22761,63.5,37
1/30/2020 5:03,A69-1602-58717,41.04114,-71.22762,66.5,40.5
1/30/2020 5:04,A69-1602-58769,41.04111,-71.22762,71,34.5
1/30/2020 5:04,A69-1602-58772,41.04108,-71.22762,73.5,35
1/30/2020 5:04,A69-1602-58769,41.04097,-71.22762,59.5,34.5
1/30/2020 5:05,A69-1602-58772,41.04089,-71.22762,69.5,35
1/30/2020 5:05,A69-1602-58769,41.04084,-71.22763,68,40
1/30/2020 5:05,A69-1602-58775,41.0408,-71.22763,61,36.5
1/30/2020 5:06,A69-1602-58772,41.04072,-71.22763,55.5,35
1/30/2020 5:06,A69-1602-58769,41.04068,-71.22764,54,36
1/30/2020 5:06,A69-1602-58717,41.04066,-71.22764,72,38
1/30/2020 5:06,A69-1602-58775,41.04064,-71.22764,58,35.5
1/30/2020 5:07,A69-1602-58769,41.04048,-71.22765,67.5,37
1/30/2020 5:08,A69-1602-58775,41.04043,-71.22765,69,37.5
1/30/2020 5:08,A69-1602-58717,41.04037,-71.22765,70.5,38
1/30/2020 5:08,A69-1602-58772,41.04035,-71.22765,72,37
1/30/2020 5:08,A69-1602-58769,41.04032,-71.22765,69,38
1/30/2020 5:09,A69-1602-58775,41.04025,-71.22765,65.5,37.5
1/30/2020 5:09,A69-1602-58717,41.04019,-71.22766,62,37.5
1/30/2020 5:09,A69-1602-58775,41.04012,-71.22766,66.5,45
1/30/2020 5:10,A69-1602-58717,41.04005,-71.22767,53.5,37
1/30/2020 5:11,A69-1602-58775,41.03981,-71.22768,78,40
1/30/2020 5:11,A69-1602-58769,41.03978,-71.22768,78,40
1/30/2020 5:12,A69-1602-58717,41.03975,-71.22768,45.5,34
1/30/2020 5:12,A69-1602-58772,41.03973,-71.22768,75,38.5
1/30/2020 5:12,A69-1602-58769,41.03963,-71.22768,73.5,39
1/30/2020 5:13,A69-1602-58772,41.03959,-71.22768,77.5,39
1/30/2020 5:13,A69-1602-58769,41.03946,-71.22769,78,40
1/30/2020 5:13,A69-1602-58775,41.03945,-71.22769,82,43.5
1/30/2020 5:14,A69-1602-58772,41.03943,-71.22769,78.5,38.5
1/30/2020 5:14,A69-1602-58717,41.03937,-71.2277,44.5,33.5
1/30/2020 5:15,A69-1602-58717,41.03915,-71.22771,42.5,32
1/30/2020 5:16,A69-1602-58775,41.03905,-71.22771,64,38
1/30/2020 5:17,A69-1602-58775,41.03893,-71.22772,74,39
1/30/2020 5:17,A69-1602-58769,41.03885,-71.22772,63,36
1/30/2020 5:17,A69-1602-58775,41.03879,-71.22773,60.5,36.5
1/30/2020 5:18,A69-1602-58717,41.03875,-71.22773,38.5,32
1/30/2020 5:18,A69-1602-58772,41.03874,-71.22773,60.5,35.5
1/30/2020 5:18,A69-1602-58775,41.03863,-71.22774,54.5,35
1/30/2020 5:18,A69-1602-58769,41.0386,-71.22774,64,35
1/30/2020 5:19,A69-1602-58772,41.03857,-71.22774,53.5,33.5
1/30/2020 5:19,A69-1602-58769,41.03848,-71.22775,50.5,35
1/30/2020 5:23,A69-1602-58775,41.03788,-71.22777,44.5,33
1/30/2020 5:23,A69-1602-58772,41.03786,-71.22777,44,32.5
1/30/2020 5:24,A69-1602-58772,41.03764,-71.22778,46.5,35
1/30/2020 5:26,A69-1602-58772,41.0373,-71.2278,44,31
1/30/2020 6:25,A69-9001-16094,41.02745,-71.22827,37.5,28.5
1/30/2020 6:29,A69-9001-16094,41.02676,-71.22831,39,30
2/1/2020 0:37,A69-1602-58782,41.03012,-71.16766,41,32.5
2/1/2020 0:39,A69-1602-58782,41.03053,-71.16756,39.5,30
2/1/2020 0:42,A69-1602-58782,41.03097,-71.16744,47.5,31
2/1/2020 0:43,A69-1602-58782,41.03121,-71.16738,50,32.5
2/1/2020 0:44,A69-1602-58782,41.03143,-71.16733,49,30
2/1/2020 0:45,A69-1602-58782,41.03161,-71.16728,51,30.5
2/1/2020 0:46,A69-1602-58782,41.03184,-71.16722,49.5,30.5
2/1/2020 0:47,A69-1602-58782,41.03204,-71.16717,50.5,30.5
2/1/2020 0:48,A69-1602-58782,41.03218,-71.16714,51.5,31
2/1/2020 0:49,A69-1602-58782,41.03233,-71.1671,49.5,31
2/1/2020 0:50,A69-1602-58782,41.03248,-71.16706,51.5,31.5
2/1/2020 0:51,A69-1602-58782,41.03266,-71.16702,54.5,34.5
2/1/2020 0:53,A69-1602-58782,41.03305,-71.16692,51.5,35.5
2/1/2020 0:54,A69-1602-58782,41.03327,-71.16685,45,33
2/1/2020 0:56,A69-1602-58782,41.03368,-71.16676,41.5,32.5
2/1/2020 12:09,A69-1602-58719,41.11175,-71.13956,35.5,23.5
2/1/2020 12:41,A69-1602-58719,41.11741,-71.14058,42,25
2/1/2020 12:43,A69-1602-58719,41.1178,-71.14065,43.5,25
2/1/2020 12:45,A69-1602-58719,41.11799,-71.14068,36,24
2/1/2020 12:45,A69-1602-58719,41.11813,-71.14071,37.5,25.5
2/1/2020 12:53,A69-1602-58719,41.11954,-71.14096,36.5,24
2/1/2020 12:55,A69-1602-58719,41.11976,-71.141,39.5,24.5
2/1/2020 12:56,A69-1602-58719,41.11994,-71.14103,38,25
2/1/2020 13:00,A69-1602-58719,41.12065,-71.14116,36,24.5
2/1/2020 13:01,A69-1602-58719,41.12087,-71.1412,35,24.5
2/2/2020 18:06,A69-1602-58728,41.13482,-71.10973,41,29
2/2/2020 18:11,A69-1602-58728,41.1342,-71.10948,43,32
2/2/2020 18:12,A69-1602-58781,41.13403,-71.10941,46,31.5
2/2/2020 18:14,A69-1602-58781,41.13374,-71.10929,45,34.5
2/2/2020 18:15,A69-1602-58781,41.13349,-71.10918,51.5,32.5
2/2/2020 18:16,A69-1602-58728,41.13338,-71.10915,44.5,32
2/2/2020 18:17,A69-1602-58781,41.13334,-71.10912,55,36
2/2/2020 18:17,A69-1602-58781,41.13323,-71.10908,59.5,32.5
2/2/2020 18:18,A69-1602-58781,41.13312,-71.10904,48,31.5
2/2/2020 18:19,A69-1602-58781,41.13291,-71.10895,51.5,32.5
2/2/2020 18:20,A69-1602-58781,41.1328,-71.10891,54.5,33.5
2/2/2020 18:21,A69-1602-58781,41.1327,-71.10886,51,35.5
2/2/2020 18:23,A69-1602-58781,41.13247,-71.10877,41.5,31.5
2/6/2020 15:33,A69-1602-58728,41.13594,-71.10279,36,26
2/6/2020 15:43,A69-1602-58728,41.13552,-71.10405,43.5,28
2/6/2020 15:44,A69-1602-58728,41.13548,-71.10418,43.5,28
2/6/2020 15:45,A69-1602-58728,41.13542,-71.10435,44,27
2/6/2020 15:46,A69-1602-58781,41.1354,-71.10441,36,25.5
2/6/2020 15:48,A69-1602-58728,41.13531,-71.10467,42,26.5
2/6/2020 15:50,A69-1602-58728,41.13523,-71.10493,40.5,26.5
2/6/2020 15:51,A69-1602-58728,41.13518,-71.10507,40,28
2/6/2020 15:53,A69-1602-58781,41.13511,-71.10529,37.5,27
2/6/2020 15:53,A69-1602-58728,41.13509,-71.10532,50,29
2/6/2020 15:54,A69-1602-58728,41.13506,-71.10542,50.5,28.5
2/6/2020 15:55,A69-1602-58728,41.13502,-71.10553,42.5,27.5
2/6/2020 15:56,A69-1602-58728,41.13498,-71.10567,45,28
2/6/2020 15:57,A69-1602-58728,41.13494,-71.10577,45,27.5
2/6/2020 15:58,A69-1602-58728,41.1349,-71.1059,44,28
2/6/2020 15:59,A69-1602-58781,41.13486,-71.10601,37,26
2/6/2020 15:59,A69-1602-58728,41.13484,-71.10606,53.5,28.5
2/6/2020 16:00,A69-1602-58781,41.13481,-71.10617,40.5,26.5
2/6/2020 16:01,A69-1602-58728,41.13479,-71.10621,45.5,28
2/6/2020 16:01,A69-1602-58781,41.13476,-71.10632,38.5,26
2/6/2020 16:02,A69-1602-58728,41.13475,-71.10633,49,27.5
2/6/2020 16:02,A69-1602-58781,41.13472,-71.10643,36.5,25
2/6/2020 16:03,A69-1602-58728,41.1347,-71.10649,49,27
2/6/2020 16:04,A69-1602-58781,41.13467,-71.10658,45,25
2/6/2020 16:04,A69-1602-58728,41.13465,-71.10664,45.5,26
2/6/2020 16:05,A69-1602-58781,41.13463,-71.1067,47,30.5
2/6/2020 16:05,A69-1602-58728,41.13461,-71.10676,45,26
2/6/2020 16:06,A69-1602-58781,41.13457,-71.10685,37.5,25.5
2/6/2020 16:06,A69-1602-58728,41.13455,-71.10692,47,25.5
2/6/2020 16:08,A69-1602-58728,41.1345,-71.10707,41,26
2/6/2020 16:08,A69-1602-58781,41.13449,-71.10709,36,26
2/6/2020 16:09,A69-1602-58728,41.13446,-71.1072,50.5,26.5
2/6/2020 16:09,A69-1602-58781,41.13445,-71.10722,35.5,24
2/6/2020 16:10,A69-1602-58728,41.1344,-71.10737,52,27
2/6/2020 16:11,A69-1602-58728,41.13435,-71.10754,44,26.5
2/6/2020 16:13,A69-1602-58728,41.13429,-71.1077,48,30
2/6/2020 16:14,A69-1602-58728,41.13424,-71.10785,47.5,26.5
2/6/2020 16:15,A69-1602-58728,41.1342,-71.10798,54,27
2/6/2020 16:16,A69-1602-58728,41.13416,-71.10808,46,25.5
2/6/2020 16:18,A69-1602-58728,41.13409,-71.10831,45,26
2/6/2020 16:19,A69-1602-58728,41.13403,-71.10847,44,25.5
2/6/2020 16:20,A69-1602-58728,41.13398,-71.10863,49,26
2/6/2020 16:21,A69-1602-58728,41.13393,-71.10876,47.5,25
2/6/2020 16:23,A69-1602-58728,41.13387,-71.10896,45.5,25
2/6/2020 16:24,A69-1602-58728,41.13383,-71.10908,38,24
2/6/2020 16:25,A69-1602-58728,41.13378,-71.10922,44,24.5
2/6/2020 16:28,A69-1602-58728,41.13368,-71.10951,50,26.5
2/6/2020 16:29,A69-1602-58728,41.13363,-71.10966,48.5,25
2/6/2020 16:30,A69-1602-58728,41.13359,-71.10979,41.5,24.5
2/6/2020 16:31,A69-1602-58728,41.13356,-71.10988,43.5,23.5
2/6/2020 16:31,A69-1602-58728,41.13353,-71.10997,49,24
2/6/2020 16:32,A69-1602-58728,41.1335,-71.11006,44.5,24.5
2/6/2020 16:33,A69-1602-58728,41.13346,-71.11015,43.5,24
2/6/2020 16:34,A69-1602-58728,41.1334,-71.11036,39,23.5
2/6/2020 16:35,A69-1602-58728,41.13335,-71.11048,42,24
2/6/2020 16:37,A69-1602-58728,41.1333,-71.11063,44,24
2/6/2020 16:38,A69-1602-58728,41.13326,-71.11077,39,25.5
2/6/2020 16:40,A69-1602-58728,41.13318,-71.11099,41.5,25.5
2/6/2020 16:41,A69-1602-58728,41.13313,-71.11115,44,25
2/6/2020 16:42,A69-1602-58728,41.13309,-71.11127,41.5,25.5
2/6/2020 16:43,A69-1602-58728,41.13305,-71.11137,40,24.5
2/6/2020 16:44,A69-1602-58728,41.13302,-71.11147,41.5,25
2/6/2020 16:44,A69-1602-58728,41.13298,-71.11158,38,25.5
2/6/2020 16:46,A69-1602-58728,41.13291,-71.11181,42.5,26.5
2/6/2020 16:48,A69-1602-58728,41.13284,-71.11201,41.5,25.5
2/6/2020 16:49,A69-1602-58728,41.1328,-71.11213,41,26
2/6/2020 16:50,A69-1602-58728,41.13275,-71.11228,41.5,25.5
2/6/2020 16:51,A69-1602-58728,41.13271,-71.11241,37.5,26
2/6/2020 16:52,A69-1602-58728,41.13268,-71.1125,39.5,25
2/6/2020 16:59,A69-1602-58728,41.13239,-71.11334,38.5,25
2/6/2020 17:04,A69-1602-58728,41.13216,-71.11404,37.5,25
2/7/2020 7:26,A69-1602-58777,41.06672,-71.11924,44.5,30
2/7/2020 7:29,A69-1602-58777,41.06657,-71.11907,46.5,33.5
2/7/2020 7:55,A69-1602-58777,41.06499,-71.11727,42.5,30.5
2/10/2020 10:25,A69-1602-58724,41.02715,-71.13793,47,32
2/10/2020 10:26,A69-1602-58724,41.02732,-71.13783,43.5,32.5
2/10/2020 10:28,A69-1602-58724,41.02774,-71.13762,45.5,29.5
2/10/2020 10:30,A69-1602-58724,41.02809,-71.13744,44,30.5
2/10/2020 10:36,A69-1602-58724,41.02894,-71.13699,54.5,31.5
2/10/2020 10:36,A69-1602-58724,41.02906,-71.13693,48,31.5
2/10/2020 10:37,A69-1602-58724,41.02919,-71.13686,45.5,31
2/10/2020 10:42,A69-1602-58724,41.03,-71.13644,38.5,29.5
2/10/2020 10:44,A69-1602-58724,41.03027,-71.1363,42,28.5
2/10/2020 10:46,A69-1602-58724,41.03064,-71.13611,39.5,30.5
2/10/2020 13:16,A69-1602-58771,41.0443,-71.11913,46.5,29.5
2/10/2020 13:18,A69-1602-58771,41.04444,-71.11883,55.5,31
2/10/2020 13:19,A69-1602-58771,41.04449,-71.11873,49.5,31.5
2/10/2020 13:21,A69-1602-58771,41.04462,-71.11846,58,31
2/10/2020 13:22,A69-1602-58771,41.04468,-71.11835,52.5,30.5
2/10/2020 13:24,A69-1602-58771,41.04475,-71.11819,50,33
2/10/2020 13:26,A69-1602-58771,41.0449,-71.11791,55.5,30.5
2/10/2020 13:28,A69-1602-58771,41.04503,-71.11764,45.5,33
2/10/2020 13:29,A69-1602-58771,41.04511,-71.11747,54,28.5
2/12/2020 11:31,A69-1602-58777,41.11504,-71.14068,44.5,30.5
2/12/2020 11:32,A69-1602-58777,41.11479,-71.14044,41,29.5
2/12/2020 11:35,A69-1602-58777,41.11445,-71.14012,41,29.5
2/12/2020 11:39,A69-1602-58777,41.11398,-71.13967,46.5,30.5
2/12/2020 11:40,A69-1602-58777,41.11381,-71.1395,43,30.5
2/12/2020 11:43,A69-1602-58777,41.11346,-71.13918,41.5,31
2/12/2020 11:45,A69-1602-58777,41.11317,-71.13889,42.5,31
2/12/2020 11:46,A69-1602-58777,41.11307,-71.13879,43,30.5
2/12/2020 11:47,A69-1602-58777,41.11296,-71.13869,41,30.5
2/12/2020 11:48,A69-1602-58777,41.11283,-71.13857,42,30
2/12/2020 11:52,A69-1602-58777,41.11232,-71.13809,41.5,29.5
2/12/2020 11:53,A69-1602-58777,41.1122,-71.13798,40.5,28
2/12/2020 11:54,A69-1602-58777,41.11205,-71.13783,41,28.5
2/12/2020 11:55,A69-1602-58777,41.11192,-71.13771,46.5,29
2/12/2020 11:56,A69-1602-58777,41.11176,-71.13755,43.5,29.5
2/12/2020 11:57,A69-1602-58777,41.11162,-71.13742,41,30
2/12/2020 11:59,A69-1602-58777,41.11139,-71.1372,42.5,28.5
2/12/2020 17:25,A69-1602-58771,41.05407,-71.11675,39.5,29
2/12/2020 17:26,A69-1602-58771,41.05392,-71.11681,41.5,29
2/12/2020 17:26,A69-1602-58771,41.05375,-71.11686,38.5,27.5
2/12/2020 17:28,A69-1602-58771,41.05355,-71.11693,40.5,29
2/12/2020 17:28,A69-1602-58771,41.05341,-71.11697,42,30
2/12/2020 17:31,A69-1602-58771,41.05288,-71.11715,42,29
2/12/2020 17:32,A69-1602-58771,41.05273,-71.1172,47,29.5
2/12/2020 17:33,A69-1602-58771,41.05259,-71.11724,45,29
2/12/2020 17:34,A69-1602-58771,41.05241,-71.1173,43.5,28.5
2/12/2020 17:42,A69-1602-58771,41.05075,-71.11785,41,30.5
2/12/2020 17:44,A69-1602-58771,41.05044,-71.11795,38,29
2/12/2020 19:07,A69-1602-58724,41.03486,-71.1231,47,30.5
2/12/2020 19:11,A69-1602-58724,41.034,-71.12338,46,36
2/12/2020 19:13,A69-1602-58724,41.0336,-71.12351,54,34.5
2/12/2020 19:16,A69-1602-58724,41.03303,-71.1237,46,29.5
2/12/2020 19:19,A69-1602-58724,41.03249,-71.12388,51.5,33.5
2/12/2020 19:20,A69-1602-58724,41.03227,-71.12395,46,32.5
2/14/2020 21:11,A69-1602-58775,41.04367,-71.2093,41,31.5
2/14/2020 21:33,A69-1602-58775,41.04605,-71.21165,50,30.5
2/14/2020 21:34,A69-1602-58775,41.04615,-71.21174,41,30.5
2/14/2020 21:36,A69-1602-58775,41.04638,-71.21197,43,31.5
2/14/2020 21:37,A69-1602-58775,41.0465,-71.21208,45,32
2/14/2020 21:41,A69-1602-58775,41.04692,-71.21249,49.5,32.5
2/14/2020 21:42,A69-1602-58775,41.04704,-71.21262,50,32
2/14/2020 21:43,A69-1602-58775,41.04713,-71.2127,54,30.5
2/14/2020 21:44,A69-1602-58775,41.04723,-71.21279,45.5,32
2/14/2020 21:45,A69-1602-58775,41.04734,-71.21291,52,31.5
2/14/2020 21:45,A69-1602-58775,41.04742,-71.21298,50.5,32
2/14/2020 21:46,A69-1602-58775,41.0475,-71.21307,47.5,32
2/14/2020 21:47,A69-1602-58775,41.04758,-71.21314,47,32.5
2/14/2020 21:48,A69-1602-58775,41.04766,-71.21322,52.5,32.5
2/14/2020 21:49,A69-1602-58775,41.04782,-71.21338,55,30
2/14/2020 21:50,A69-1602-58775,41.0479,-71.21346,55.5,32
2/14/2020 21:51,A69-1602-58775,41.04799,-71.21355,50.5,33
2/14/2020 21:52,A69-1602-58775,41.04809,-71.21365,57.5,32
2/14/2020 21:53,A69-1602-58775,41.04821,-71.21376,60,33
2/14/2020 21:53,A69-1602-58775,41.0483,-71.21384,61.5,35.5
2/14/2020 21:54,A69-1602-58775,41.0484,-71.21394,61.5,32
2/14/2020 21:55,A69-1602-58775,41.04851,-71.21405,64.5,32.5
2/14/2020 21:57,A69-1602-58775,41.04865,-71.21419,58.5,34
2/14/2020 21:58,A69-1602-58775,41.04879,-71.21433,53,34.5
2/14/2020 22:00,A69-1602-58775,41.04904,-71.21457,64,32.5
2/14/2020 22:02,A69-1602-58775,41.04919,-71.21471,61,38
2/14/2020 22:03,A69-1602-58775,41.04932,-71.21485,67.5,34.5
2/14/2020 22:04,A69-1602-58775,41.04945,-71.21497,52,35
2/14/2020 22:05,A69-1602-58775,41.04956,-71.21507,65,35.5
2/14/2020 22:06,A69-1602-58775,41.04969,-71.2152,51.5,34
2/14/2020 22:07,A69-1602-58775,41.0498,-71.21531,53,32.5
2/14/2020 22:08,A69-1602-58775,41.04993,-71.21545,63.5,36
2/14/2020 22:10,A69-1602-58775,41.05006,-71.21557,52.5,36
2/14/2020 22:11,A69-1602-58775,41.05016,-71.21567,53,34.5
2/14/2020 22:12,A69-1602-58775,41.05029,-71.21579,64.5,35
2/14/2020 22:13,A69-1602-58775,41.05039,-71.21589,59.5,34
2/14/2020 22:14,A69-1602-58775,41.05051,-71.216,46.5,34
2/14/2020 22:14,A69-1602-58775,41.05059,-71.21609,52.5,37
2/14/2020 22:15,A69-1602-58775,41.05069,-71.21618,48.5,33
2/23/2020 20:50,A69-9001-16029,41.05862,-71.34409,39.5,29.5
2/23/2020 20:56,A69-9001-16029,41.05969,-71.34421,44,29.5
2/27/2020 16:52,A69-9001-30188,41.0638,-71.47942,45,26
2/27/2020 17:05,A69-9001-30188,41.06344,-71.48019,45.5,32
2/28/2020 13:05,A69-1602-58765,41.09889,-71.41333,44.5,28
2/28/2020 13:06,A69-1602-58765,41.09892,-71.41326,40,29.5
2/28/2020 13:24,A69-1602-58765,41.09955,-71.41165,37.5,28
3/2/2020 21:07,A69-9001-30188,41.06504,-71.48114,44,31
3/6/2020 5:32,A69-1602-58770,41.14219,-71.38403,38,26.5
3/6/2020 5:36,A69-1602-58770,41.1424,-71.38464,42.5,27
3/6/2020 5:43,A69-1602-58768,41.14281,-71.38581,43,27
3/6/2020 5:46,A69-1602-58770,41.14302,-71.38639,45,29.5
3/6/2020 5:47,A69-1602-58766,41.14303,-71.38643,37.5,27
3/6/2020 5:47,A69-1602-58768,41.14306,-71.3865,41.5,28
3/6/2020 5:48,A69-1602-58770,41.14312,-71.38668,40.5,28.5
3/6/2020 5:49,A69-1602-58768,41.14318,-71.38686,42.5,32.5
3/6/2020 5:49,A69-1602-58770,41.14319,-71.38686,38.5,29.5
3/6/2020 5:52,A69-1602-58770,41.14338,-71.38741,48,31
3/6/2020 5:53,A69-1602-58768,41.14342,-71.38753,45,28.5
3/6/2020 5:54,A69-1602-58768,41.14347,-71.38768,41,27
3/6/2020 5:55,A69-1602-58770,41.14352,-71.38779,49,29.5
3/6/2020 5:55,A69-1602-58768,41.14354,-71.38786,38,27
3/6/2020 5:56,A69-1602-58770,41.14356,-71.38793,52,29.5
3/6/2020 5:56,A69-1602-58766,41.1436,-71.38803,42,27
3/6/2020 5:56,A69-1602-58770,41.14362,-71.38808,55,30.5
3/6/2020 5:57,A69-1602-58767,41.14363,-71.38813,41,28
3/6/2020 5:57,A69-1602-58768,41.14364,-71.38815,45.5,29
3/6/2020 5:57,A69-1602-58766,41.14365,-71.38817,45.5,30.5
3/6/2020 5:58,A69-1602-58767,41.14368,-71.38826,44.5,27.5
3/6/2020 5:58,A69-1602-58770,41.14368,-71.38828,58,35
3/6/2020 5:58,A69-1602-58766,41.14369,-71.38831,48,29.5
3/6/2020 5:58,A69-1602-58768,41.14371,-71.38834,52.5,29.5
3/6/2020 5:58,A69-1602-58767,41.14373,-71.3884,49,28
3/6/2020 5:58,A69-1602-58770,41.14373,-71.38842,57.5,31.5
3/6/2020 5:59,A69-1602-58773,41.14377,-71.38852,40,26.5
3/6/2020 5:59,A69-1602-58767,41.14379,-71.38857,40.5,27
3/6/2020 5:59,A69-1602-58770,41.14379,-71.38858,51.5,31
3/6/2020 6:00,A69-1602-58768,41.1438,-71.38861,49.5,29.5
3/6/2020 6:00,A69-1602-58766,41.14382,-71.38866,45.5,28
3/6/2020 6:01,A69-1602-58768,41.14386,-71.38876,51.5,30.5
3/6/2020 6:01,A69-1602-58770,41.14386,-71.38879,48.5,31
3/6/2020 6:01,A69-1602-58766,41.14388,-71.38883,42.5,28.5
3/6/2020 6:02,A69-1602-58767,41.14392,-71.38895,46.5,28.5
3/6/2020 6:02,A69-1602-58766,41.14396,-71.38905,48,30.5
3/6/2020 6:03,A69-1602-58770,41.14397,-71.3891,58,33
3/6/2020 6:03,A69-1602-58768,41.14398,-71.38911,51,31
3/6/2020 6:03,A69-1602-58767,41.144,-71.38918,50.5,28.5
3/6/2020 6:03,A69-1602-58773,41.14401,-71.38921,43,26.5
3/6/2020 6:04,A69-1602-58768,41.14405,-71.38931,47.5,29.5
3/6/2020 6:04,A69-1602-58773,41.14406,-71.38936,39.5,27
3/6/2020 6:05,A69-1602-58768,41.1441,-71.38945,54.5,31.5
3/6/2020 6:07,A69-1602-58770,41.14422,-71.38981,60.5,35
3/6/2020 6:07,A69-1602-58766,41.14423,-71.38982,46,31
3/6/2020 6:07,A69-1602-58768,41.14424,-71.38984,53.5,30.5
3/6/2020 6:07,A69-1602-58767,41.14424,-71.38986,49.5,29.5
3/6/2020 6:08,A69-1602-58770,41.14428,-71.38995,61.5,35
3/6/2020 6:08,A69-1602-58766,41.14428,-71.38998,49,31.5
3/6/2020 6:08,A69-1602-58768,41.14431,-71.39005,55,32.5
3/6/2020 6:08,A69-1602-58767,41.14431,-71.39006,53,30.5
3/6/2020 6:09,A69-1602-58770,41.14433,-71.39012,62.5,36
3/6/2020 6:09,A69-1602-58766,41.14435,-71.39017,45,30.5
3/6/2020 6:09,A69-1602-58768,41.14437,-71.39022,53.5,31.5
3/6/2020 6:09,A69-1602-58767,41.14437,-71.39024,51.5,31
3/6/2020 6:10,A69-1602-58773,41.1444,-71.3903,52.5,28
3/6/2020 6:10,A69-1602-58766,41.1444,-71.39031,45.5,31.5
3/6/2020 6:10,A69-1602-58770,41.14441,-71.39034,58.5,35.5
3/6/2020 6:11,A69-1602-58768,41.14445,-71.39045,55,32
3/6/2020 6:11,A69-1602-58766,41.14446,-71.39048,44,32
3/6/2020 6:11,A69-1602-58770,41.14448,-71.39053,58,36
3/6/2020 6:12,A69-1602-58768,41.14453,-71.39067,60.5,33
3/6/2020 6:13,A69-1602-58768,41.1446,-71.39088,64.5,33.5
3/6/2020 6:14,A69-1602-58768,41.14467,-71.39108,59,33
3/6/2020 6:15,A69-1602-58767,41.1447,-71.39114,45,32
3/6/2020 6:15,A69-1602-58773,41.1447,-71.39116,39.5,28
3/6/2020 6:16,A69-1602-58773,41.14478,-71.39138,53.5,28.5
3/6/2020 6:17,A69-1602-58766,41.14482,-71.39151,46,36
3/6/2020 6:17,A69-1602-58773,41.14485,-71.39159,50.5,29
3/6/2020 6:18,A69-1602-58770,41.14489,-71.39169,68,39
3/6/2020 6:18,A69-1602-58766,41.14489,-71.39171,48.5,33.5
3/6/2020 6:18,A69-1602-58767,41.14491,-71.39174,51.5,33.5
3/6/2020 6:19,A69-1602-58773,41.14492,-71.39178,46,28
3/6/2020 6:19,A69-1602-58770,41.14494,-71.39184,64.5,38
3/6/2020 6:19,A69-1602-58768,41.14495,-71.39186,61.5,36.5
3/6/2020 6:19,A69-1602-58766,41.14495,-71.39188,47,33.5
3/6/2020 6:19,A69-1602-58773,41.14497,-71.39191,42,29
3/6/2020 6:20,A69-1602-58767,41.14498,-71.39194,63,34.5
3/6/2020 6:40,A69-1602-58770,41.14592,-71.39504,44,29
3/6/2020 6:41,A69-1602-58768,41.14595,-71.39517,55,30
3/6/2020 6:42,A69-1602-58768,41.14597,-71.3953,57.5,31.5
3/6/2020 6:42,A69-1602-58773,41.14597,-71.39531,49,28.5
3/6/2020 6:43,A69-1602-58767,41.146,-71.39541,38.5,27
3/6/2020 6:43,A69-1602-58767,41.14602,-71.39551,46.5,28.5
3/6/2020 6:44,A69-1602-58773,41.14603,-71.39557,39,27
3/6/2020 6:44,A69-1602-58767,41.14603,-71.39561,47,28
3/6/2020 6:44,A69-1602-58768,41.14604,-71.39563,50,28
3/6/2020 6:45,A69-1602-58770,41.14606,-71.39576,40.5,29
3/6/2020 6:46,A69-1602-58768,41.14607,-71.39577,56,30.5
3/6/2020 6:46,A69-1602-58770,41.14609,-71.39587,42,29.5
3/6/2020 6:47,A69-1602-58766,41.1461,-71.39595,46.5,30
3/6/2020 6:47,A69-1602-58770,41.14611,-71.39599,50,31
3/6/2020 6:48,A69-1602-58773,41.14612,-71.39604,41.5,29.5
3/6/2020 6:48,A69-1602-58766,41.14613,-71.39605,48,29.5
3/6/2020 6:48,A69-1602-58768,41.14614,-71.39613,48.5,30.5
3/6/2020 6:48,A69-1602-58766,41.14614,-71.39615,46,30.5
3/6/2020 6:49,A69-1602-58773,41.14615,-71.39619,46,31
3/6/2020 6:49,A69-1602-58768,41.14616,-71.39623,49.5,29.5
3/6/2020 6:50,A69-1602-58773,41.14618,-71.39632,47,30.5
3/6/2020 6:50,A69-1602-58766,41.1462,-71.3964,47,29.5
3/6/2020 6:51,A69-1602-58770,41.1462,-71.39642,56.5,32
3/6/2020 6:51,A69-1602-58766,41.14622,-71.3965,51,29.5
3/6/2020 6:52,A69-1602-58768,41.14623,-71.39655,60,30
3/6/2020 6:52,A69-1602-58766,41.14624,-71.39659,57,30
3/6/2020 6:52,A69-1602-58773,41.14624,-71.39661,45,29.5
3/6/2020 6:53,A69-1602-58770,41.14625,-71.39667,47,30
3/6/2020 6:53,A69-1602-58770,41.14627,-71.39678,44.5,31
3/6/2020 6:54,A69-1602-58768,41.14628,-71.3968,49,30
3/6/2020 6:54,A69-1602-58766,41.14628,-71.39681,54.5,32
3/6/2020 6:54,A69-1602-58773,41.14628,-71.39682,40.5,30
3/6/2020 6:55,A69-1602-58773,41.14631,-71.39693,47.5,29.5
3/6/2020 6:56,A69-1602-58768,41.14633,-71.39706,47,30.5
3/6/2020 6:58,A69-1602-58773,41.14639,-71.39732,40,27.5
3/6/2020 6:58,A69-1602-58767,41.14639,-71.39734,39,28
3/6/2020 6:58,A69-1602-58768,41.1464,-71.39738,55,30.5
3/6/2020 6:59,A69-1602-58766,41.14641,-71.39745,43.5,29.5
3/6/2020 6:59,A69-1602-58773,41.14642,-71.3975,53,30.5
3/6/2020 6:59,A69-1602-58768,41.14643,-71.39753,47.5,29.5
3/6/2020 7:00,A69-1602-58766,41.14644,-71.3976,51.5,30.5
3/6/2020 7:00,A69-1602-58770,41.14644,-71.39761,60.5,31.5
3/6/2020 7:00,A69-1602-58768,41.14645,-71.39764,51.5,30
3/6/2020 7:00,A69-1602-58773,41.14645,-71.39767,51.5,29.5
3/6/2020 7:01,A69-1602-58767,41.14646,-71.3977,42.5,28
3/6/2020 7:01,A69-1602-58770,41.14647,-71.39777,43,31
3/6/2020 7:02,A69-1602-58766,41.14651,-71.39795,40,27.5
3/6/2020 7:03,A69-1602-58766,41.14653,-71.39805,43.5,29
3/6/2020 7:03,A69-1602-58770,41.14653,-71.39806,44,31
3/6/2020 7:04,A69-1602-58768,41.14655,-71.39815,59,30
3/6/2020 7:05,A69-1602-58768,41.14659,-71.39832,45.5,29
3/6/2020 7:06,A69-1602-58767,41.1466,-71.39835,45.5,29.5
3/6/2020 7:06,A69-1602-58770,41.1466,-71.39837,46.5,30.5
3/6/2020 7:06,A69-1602-58773,41.14661,-71.39841,47,29.5
3/6/2020 7:06,A69-1602-58766,41.14661,-71.39841,40.5,30
3/6/2020 7:11,A69-1602-58766,41.14673,-71.39902,50,30.5
3/6/2020 7:11,A69-1602-58770,41.14674,-71.39906,48,31.5
3/6/2020 7:13,A69-1602-58767,41.14678,-71.39928,47,28.5
3/6/2020 7:14,A69-1602-58770,41.14681,-71.3994,37.5,29.5
3/6/2020 7:15,A69-1602-58766,41.14684,-71.39953,41.5,29.5
3/6/2020 7:15,A69-1602-58770,41.14684,-71.39955,40.5,28.5
3/6/2020 7:16,A69-1602-58770,41.14686,-71.39967,47.5,31
3/6/2020 7:38,A69-1602-58768,41.14745,-71.40257,42,29.5
3/6/2020 10:26,A69-1602-58770,41.14604,-71.40027,48,34
3/6/2020 10:33,A69-1602-58770,41.14581,-71.39944,47,29
3/6/2020 10:36,A69-1602-58770,41.14567,-71.39897,47,29.5
3/6/2020 10:37,A69-1602-58773,41.14567,-71.39896,42.5,30.5
3/6/2020 10:37,A69-1602-58768,41.14566,-71.39895,45,31.5
3/6/2020 10:37,A69-1602-58768,41.14564,-71.39885,43,32.5
3/6/2020 10:41,A69-1602-58773,41.14552,-71.39842,59.5,33.5
3/6/2020 10:42,A69-1602-58773,41.14547,-71.39827,40.5,31.5
3/6/2020 10:42,A69-1602-58767,41.14546,-71.39823,46.5,32.5
3/6/2020 10:43,A69-1602-58768,41.14545,-71.39817,44,30.5
3/6/2020 10:43,A69-1602-58767,41.14543,-71.39812,47.5,31.5
3/6/2020 10:44,A69-1602-58768,41.14541,-71.39803,41.5,30.5
3/6/2020 10:44,A69-1602-58767,41.1454,-71.398,45,28.5
3/6/2020 10:44,A69-1602-58770,41.14539,-71.39799,60,30.5
3/6/2020 10:45,A69-1602-58770,41.14535,-71.39783,56,34
3/6/2020 10:46,A69-1602-58768,41.14532,-71.39775,48,31.5
3/6/2020 10:46,A69-1602-58773,41.14532,-71.39774,45.5,31
3/6/2020 10:47,A69-1602-58770,41.14531,-71.39767,54,31
3/6/2020 10:47,A69-1602-58768,41.1453,-71.39765,48.5,31
3/6/2020 10:47,A69-1602-58766,41.14529,-71.39762,49,30
3/6/2020 10:48,A69-1602-58770,41.14527,-71.39755,55.5,31
3/6/2020 10:48,A69-1602-58766,41.14525,-71.39749,53.5,31.5
3/6/2020 10:48,A69-1602-58773,41.14524,-71.39745,42,29.5
3/6/2020 10:49,A69-1602-58768,41.14523,-71.39742,53,30
3/6/2020 10:49,A69-1602-58770,41.14523,-71.3974,50,29.5
3/6/2020 10:49,A69-1602-58767,41.14522,-71.39738,42.5,31
3/6/2020 10:49,A69-1602-58766,41.1452,-71.39732,43.5,31
3/6/2020 10:50,A69-1602-58773,41.1452,-71.39731,51.5,30.5
3/6/2020 10:50,A69-1602-58770,41.14519,-71.39726,66.5,33.5
3/6/2020 10:50,A69-1602-58773,41.14517,-71.3972,48,31.5
3/6/2020 10:51,A69-1602-58770,41.14516,-71.39716,61.5,34
3/6/2020 10:51,A69-1602-58766,41.14516,-71.39715,56.5,32
3/6/2020 10:51,A69-1602-58768,41.14515,-71.39713,47,31
3/6/2020 10:51,A69-1602-58767,41.14514,-71.39709,54,31.5
3/6/2020 10:52,A69-1602-58768,41.14512,-71.39703,56,31
3/6/2020 10:52,A69-1602-58766,41.14511,-71.39699,46,34.5
3/6/2020 10:52,A69-1602-58770,41.1451,-71.39695,52,34
3/6/2020 10:53,A69-1602-58768,41.14509,-71.39691,67.5,32
3/6/2020 10:53,A69-1602-58773,41.14508,-71.3969,45.5,30.5
3/6/2020 10:53,A69-1602-58766,41.14507,-71.39684,55,31
3/6/2020 10:53,A69-1602-58770,41.14506,-71.39681,58.5,32.5
3/6/2020 10:54,A69-1602-58768,41.14505,-71.39679,54,32.5
3/6/2020 10:54,A69-1602-58770,41.14503,-71.39671,66.5,35
3/6/2020 10:55,A69-1602-58768,41.14501,-71.39664,55.5,32
3/6/2020 10:55,A69-1602-58770,41.145,-71.39661,62,32
3/6/2020 10:55,A69-1602-58773,41.145,-71.3966,59.5,31
3/6/2020 10:55,A69-1602-58766,41.14499,-71.39657,56,32
3/6/2020 10:55,A69-1602-58767,41.14499,-71.39656,54,32.5
3/6/2020 10:56,A69-1602-58768,41.14497,-71.39651,52.5,34
3/6/2020 10:56,A69-1602-58770,41.14497,-71.3965,66.5,33
3/6/2020 10:56,A69-1602-58773,41.14497,-71.39648,59.5,31.5
3/6/2020 10:56,A69-1602-58766,41.14495,-71.39645,51,33.5
3/6/2020 10:57,A69-1602-58767,41.14494,-71.39639,57,32.5
3/6/2020 10:57,A69-1602-58770,41.14493,-71.39636,68.5,33
3/6/2020 10:58,A69-1602-58766,41.14491,-71.39629,64,32
3/6/2020 10:58,A69-1602-58770,41.14491,-71.39627,44.5,33
3/6/2020 10:58,A69-1602-58767,41.14489,-71.39622,44.5,33.5
3/6/2020 10:58,A69-1602-58773,41.14488,-71.39619,53.5,31.5
3/6/2020 10:58,A69-1602-58770,41.14488,-71.39617,59.5,35
3/6/2020 10:59,A69-1602-58766,41.14487,-71.39616,64,31.5
3/6/2020 10:59,A69-1602-58768,41.14486,-71.3961,60.5,33
3/6/2020 10:59,A69-1602-58770,41.14485,-71.39607,58.5,35
3/6/2020 10:59,A69-1602-58767,41.14484,-71.39605,44,32.5
3/6/2020 11:00,A69-1602-58773,41.14484,-71.39603,60,33.5
3/6/2020 11:00,A69-1602-58766,41.14482,-71.39599,58.5,33.5
3/6/2020 11:01,A69-1602-58767,41.1448,-71.3959,53.5,32.5
3/6/2020 11:01,A69-1602-58773,41.14479,-71.39588,69,34
3/6/2020 11:01,A69-1602-58770,41.14479,-71.39584,77,36.5
3/6/2020 11:01,A69-1602-58766,41.14478,-71.39582,59.5,35
3/6/2020 11:02,A69-1602-58768,41.14477,-71.39579,70,35
3/6/2020 11:02,A69-1602-58770,41.14474,-71.39569,64,36.5
3/6/2020 11:23,A69-1602-58768,41.14386,-71.39381,65.5,32.5
3/6/2020 11:23,A69-1602-58766,41.14386,-71.39381,64,33.5
3/6/2020 11:24,A69-1602-58768,41.14381,-71.39379,66.5,32.5
3/6/2020 11:24,A69-1602-58766,41.14379,-71.39378,67.5,32.5
3/6/2020 11:25,A69-1602-58773,41.14378,-71.39377,64,34
3/6/2020 11:25,A69-1602-58768,41.14375,-71.39375,63.5,33.5
3/6/2020 11:25,A69-1602-58766,41.14374,-71.39375,64.5,34.5
3/6/2020 11:25,A69-1602-58773,41.14374,-71.39375,71,35
3/6/2020 11:26,A69-1602-58768,41.1437,-71.39373,61,40
3/6/2020 11:26,A69-1602-58773,41.14369,-71.39373,58,32
3/6/2020 11:26,A69-1602-58766,41.14368,-71.39372,63,32.5
3/6/2020 11:27,A69-1602-58770,41.14367,-71.39371,49,30.5
3/6/2020 11:27,A69-1602-58770,41.14362,-71.39369,55,29
3/6/2020 11:28,A69-1602-58768,41.14358,-71.39367,60.5,32
3/6/2020 11:28,A69-1602-58770,41.14357,-71.39367,56,30
3/6/2020 11:28,A69-1602-58766,41.14357,-71.39367,59,32
3/6/2020 11:29,A69-1602-58766,41.14353,-71.39365,68.5,34.5
3/6/2020 11:29,A69-1602-58770,41.14352,-71.39364,65,32.5
3/6/2020 11:30,A69-1602-58767,41.1435,-71.39363,67.5,33.5
3/6/2020 11:30,A69-1602-58768,41.14349,-71.39362,49.5,34
3/6/2020 11:30,A69-1602-58766,41.14348,-71.39362,61.5,34.5
3/6/2020 11:30,A69-1602-58773,41.14346,-71.39362,63.5,33.5
3/6/2020 11:31,A69-1602-58768,41.14344,-71.3936,50.5,33
3/6/2020 11:31,A69-1602-58766,41.14342,-71.39359,68.5,35.5
3/6/2020 11:31,A69-1602-58773,41.14342,-71.39359,62,34.5
3/6/2020 11:31,A69-1602-58768,41.1434,-71.39359,51,34
3/6/2020 11:32,A69-1602-58767,41.1434,-71.39358,62.5,35
3/6/2020 11:33,A69-1602-58768,41.14331,-71.39354,45.5,34
3/6/2020 11:33,A69-1602-58767,41.1433,-71.39353,62.5,34.5
3/6/2020 11:34,A69-1602-58773,41.14329,-71.39352,58.5,34.5
3/6/2020 11:34,A69-1602-58766,41.14328,-71.39352,62.5,38
3/6/2020 11:34,A69-1602-58768,41.14326,-71.39351,61.5,37.5
3/6/2020 11:34,A69-1602-58767,41.14325,-71.3935,59,33
3/6/2020 11:34,A69-1602-58770,41.14324,-71.3935,62.5,34
3/6/2020 11:35,A69-1602-58773,41.14322,-71.39349,70.5,34.5
3/6/2020 11:35,A69-1602-58766,41.14322,-71.39349,74.5,35
3/6/2020 11:35,A69-1602-58767,41.14321,-71.39348,67,34.5
3/6/2020 11:35,A69-1602-58768,41.1432,-71.39348,62,35
3/6/2020 11:35,A69-1602-58770,41.1432,-71.39348,68.5,33.5
3/6/2020 11:36,A69-1602-58767,41.14317,-71.39346,52.5,34.5
3/6/2020 11:36,A69-1602-58770,41.14315,-71.39346,67.5,37
3/6/2020 11:37,A69-1602-58767,41.14312,-71.39344,55,32
3/6/2020 11:37,A69-1602-58766,41.14312,-71.39343,59,33.5
3/6/2020 11:37,A69-1602-58773,41.1431,-71.39342,54.5,34
3/6/2020 11:37,A69-1602-58768,41.1431,-71.39342,60,34
3/6/2020 11:37,A69-1602-58770,41.14309,-71.39342,60,33
3/6/2020 11:37,A69-1602-58767,41.14308,-71.39342,52.5,34
3/6/2020 11:38,A69-1602-58766,41.14307,-71.39342,65.5,36.5
3/6/2020 11:38,A69-1602-58768,41.14305,-71.3934,43,35
3/6/2020 11:38,A69-1602-58770,41.14304,-71.3934,61.5,33
3/6/2020 11:39,A69-1602-58770,41.14299,-71.39337,65.5,33.5
3/6/2020 11:39,A69-1602-58766,41.14297,-71.39336,58.5,33
3/6/2020 11:40,A69-1602-58770,41.14294,-71.39334,60.5,32
3/6/2020 11:40,A69-1602-58767,41.14292,-71.39333,59.5,34.5
3/6/2020 11:40,A69-1602-58768,41.14291,-71.39333,47,33.5
3/6/2020 11:41,A69-1602-58767,41.14286,-71.39331,58,32.5
3/6/2020 11:42,A69-1602-58766,41.14286,-71.3933,58.5,35.5
3/6/2020 11:42,A69-1602-58768,41.14285,-71.3933,51.5,32
3/6/2020 11:43,A69-1602-58767,41.1428,-71.39327,46,31
3/6/2020 11:43,A69-1602-58773,41.14278,-71.39326,55.5,33.5
3/6/2020 11:44,A69-1602-58770,41.14275,-71.39325,68.5,29.5
3/6/2020 11:44,A69-1602-58767,41.14273,-71.39324,68,38
3/6/2020 11:44,A69-1602-58766,41.14272,-71.39323,60.5,33.5
3/6/2020 11:44,A69-1602-58770,41.14271,-71.39323,61,30
3/6/2020 11:45,A69-1602-58767,41.14268,-71.39321,59.5,31.5
3/6/2020 11:45,A69-1602-58766,41.14267,-71.39321,58,34.5
3/6/2020 11:45,A69-1602-58770,41.14267,-71.3932,69,35.5
3/6/2020 11:46,A69-1602-58768,41.14263,-71.39319,55,32.5
3/6/2020 11:46,A69-1602-58767,41.14261,-71.39318,63,33.5
3/6/2020 11:46,A69-1602-58766,41.1426,-71.39318,59.5,34
3/6/2020 11:47,A69-1602-58768,41.14259,-71.39317,40,32.5
3/6/2020 11:47,A69-1602-58766,41.14255,-71.39315,57.5,35.5
3/6/2020 11:48,A69-1602-58773,41.14252,-71.39314,42.5,32.5
3/6/2020 11:48,A69-1602-58770,41.14251,-71.39313,67,32
3/6/2020 11:48,A69-1602-58767,41.14249,-71.39312,55,32.5
3/6/2020 11:49,A69-1602-58773,41.14247,-71.3931,61.5,33.5
3/6/2020 11:49,A69-1602-58770,41.14246,-71.3931,58,31.5
3/6/2020 11:49,A69-1602-58767,41.14243,-71.39309,58.5,32.5
3/6/2020 11:50,A69-1602-58773,41.14241,-71.39308,59,32
3/6/2020 11:50,A69-1602-58770,41.14241,-71.39307,62,32.5
3/6/2020 11:50,A69-1602-58767,41.14239,-71.39307,58,31.5
3/6/2020 11:51,A69-1602-58766,41.14235,-71.39305,61.5,33.5
3/6/2020 11:51,A69-1602-58773,41.14235,-71.39304,69.5,33.5
3/6/2020 11:52,A69-1602-58766,41.14231,-71.39303,59.5,34
3/6/2020 11:52,A69-1602-58773,41.14228,-71.39301,58,34
3/6/2020 11:52,A69-1602-58767,41.14227,-71.39301,51.5,33.5
3/6/2020 11:52,A69-1602-58770,41.14227,-71.39301,65.5,33.5
3/6/2020 11:53,A69-1602-58766,41.14226,-71.39301,65,36
3/6/2020 11:53,A69-1602-58773,41.14223,-71.39299,64.5,33.5
3/6/2020 11:53,A69-1602-58767,41.14223,-71.39298,55,32.5
3/6/2020 11:53,A69-1602-58770,41.14222,-71.39298,52,31
3/6/2020 11:54,A69-1602-58766,41.1422,-71.39297,66.5,35
3/6/2020 11:54,A69-1602-58767,41.14217,-71.39296,48.5,34.5
3/6/2020 11:54,A69-1602-58773,41.14217,-71.39295,53.5,32.5
3/6/2020 11:54,A69-1602-58766,41.14215,-71.39295,62.5,36
3/6/2020 11:55,A69-1602-58770,41.14214,-71.39294,60.5,30
3/6/2020 11:55,A69-1602-58766,41.14211,-71.39293,61.5,37
3/6/2020 11:56,A69-1602-58770,41.14207,-71.39291,55,35
3/6/2020 11:56,A69-1602-58766,41.14205,-71.3929,59.5,33.5
3/6/2020 11:57,A69-1602-58773,41.14204,-71.39289,56.5,32.5
3/6/2020 11:57,A69-1602-58767,41.14202,-71.39288,45,32
3/6/2020 11:57,A69-1602-58768,41.142,-71.39288,45,32.5
3/6/2020 11:58,A69-1602-58768,41.14194,-71.39285,44,34.5
3/6/2020 11:59,A69-1602-58773,41.14192,-71.39283,50,32
3/6/2020 11:59,A69-1602-58766,41.1419,-71.39282,63,35
3/6/2020 11:59,A69-1602-58767,41.14189,-71.39281,62.5,36
3/6/2020 12:00,A69-1602-58770,41.14188,-71.39281,58.5,31
3/6/2020 12:00,A69-1602-58768,41.14186,-71.3928,42,31.5
3/6/2020 12:00,A69-1602-58773,41.14185,-71.3928,62,33.5
3/6/2020 12:00,A69-1602-58767,41.14185,-71.39279,50,34
3/6/2020 12:01,A69-1602-58766,41.14183,-71.39278,59,34
3/6/2020 12:01,A69-1602-58768,41.14181,-71.39278,49,32.5
3/6/2020 12:02,A69-1602-58766,41.14175,-71.39275,48.5,33
3/6/2020 12:02,A69-1602-58773,41.14174,-71.39274,60.5,33
3/6/2020 12:03,A69-1602-58767,41.14172,-71.39272,50,32
3/6/2020 12:03,A69-1602-58768,41.14169,-71.39271,47,30.5
3/6/2020 12:03,A69-1602-58773,41.14168,-71.39271,52,33
3/6/2020 12:03,A69-1602-58766,41.14168,-71.39271,47.5,32.5
3/6/2020 12:04,A69-1602-58767,41.14165,-71.39269,52,32
3/6/2020 12:04,A69-1602-58773,41.14164,-71.39268,66,33
3/6/2020 12:05,A69-1602-58770,41.14161,-71.39267,56.5,31
3/6/2020 12:05,A69-1602-58766,41.1416,-71.39267,59,33
3/6/2020 12:06,A69-1602-58770,41.14153,-71.39263,54,31
3/6/2020 12:06,A69-1602-58766,41.14153,-71.39263,47.5,34.5
3/6/2020 12:06,A69-1602-58773,41.14152,-71.39262,58,32
3/6/2020 12:07,A69-1602-58773,41.14146,-71.3926,49.5,31.5
3/6/2020 12:08,A69-1602-58767,41.1414,-71.39257,57,32.5
3/6/2020 12:09,A69-1602-58773,41.14139,-71.39256,60,30.5
3/6/2020 12:09,A69-1602-58770,41.14138,-71.39256,53.5,32.5
3/6/2020 12:09,A69-1602-58767,41.14136,-71.39255,52,31
3/6/2020 12:10,A69-1602-58773,41.14133,-71.39252,60.5,29.5
3/6/2020 12:10,A69-1602-58766,41.14132,-71.39252,51.5,28
3/6/2020 12:11,A69-1602-58768,41.14128,-71.3925,44.5,29.5
3/6/2020 12:11,A69-1602-58773,41.14127,-71.3925,64,32.5
3/6/2020 12:11,A69-1602-58766,41.14126,-71.39249,58,31.5
3/6/2020 12:12,A69-1602-58766,41.14122,-71.39247,51.5,30.5
3/6/2020 12:13,A69-1602-58773,41.14117,-71.39245,50.5,33.5
3/6/2020 12:13,A69-1602-58766,41.14114,-71.39243,49,31
3/6/2020 12:13,A69-1602-58767,41.14113,-71.39243,44.5,31.5
3/6/2020 12:14,A69-1602-58770,41.14112,-71.39243,55.5,32
3/6/2020 12:14,A69-1602-58773,41.14112,-71.39243,62.5,33.5
3/6/2020 12:14,A69-1602-58766,41.14109,-71.39241,59.5,33
3/6/2020 12:15,A69-1602-58770,41.14106,-71.3924,52.5,31.5
3/6/2020 12:15,A69-1602-58773,41.14104,-71.39239,45,28.5
3/6/2020 12:15,A69-1602-58766,41.14103,-71.39238,44.5,31.5
3/6/2020 12:16,A69-1602-58770,41.141,-71.39236,48,31.5
3/6/2020 12:17,A69-1602-58770,41.14093,-71.39233,45.5,30.5
3/6/2020 12:18,A69-1602-58766,41.14089,-71.3923,49,34
3/6/2020 12:19,A69-1602-58773,41.14083,-71.39228,53,31.5
3/6/2020 12:19,A69-1602-58766,41.14082,-71.39227,45.5,32.5
3/6/2020 12:20,A69-1602-58770,41.14079,-71.39226,65.5,29.5
3/6/2020 12:20,A69-1602-58773,41.14078,-71.39225,49.5,30
3/6/2020 12:20,A69-1602-58766,41.14076,-71.39224,47.5,29.5
3/6/2020 12:21,A69-1602-58770,41.14073,-71.39223,51,32
3/6/2020 12:21,A69-1602-58766,41.14072,-71.39223,60,29.5
3/6/2020 12:21,A69-1602-58773,41.14071,-71.39221,57.5,32.5
3/6/2020 12:22,A69-1602-58766,41.14064,-71.39218,50.5,33
3/6/2020 12:23,A69-1602-58773,41.14064,-71.39218,49,34.5
3/6/2020 12:23,A69-1602-58770,41.14063,-71.39217,63,33
3/6/2020 12:23,A69-1602-58766,41.1406,-71.39216,54,31
3/6/2020 12:24,A69-1602-58770,41.14057,-71.39214,53.5,34.5
3/6/2020 12:24,A69-1602-58766,41.14056,-71.39214,45.5,31.5
3/6/2020 12:25,A69-1602-58773,41.14051,-71.39212,57,31
3/6/2020 12:26,A69-1602-58766,41.14045,-71.39208,60,32.5
3/6/2020 12:26,A69-1602-58773,41.14044,-71.39208,48.5,32
3/6/2020 12:26,A69-1602-58770,41.14044,-71.39207,47.5,31.5
3/6/2020 12:28,A69-1602-58766,41.14035,-71.39204,51,30
3/6/2020 12:29,A69-1602-58773,41.1403,-71.39201,63.5,32
3/6/2020 12:30,A69-1602-58773,41.14024,-71.39198,56.5,34
3/6/2020 12:31,A69-1602-58773,41.1402,-71.39196,47.5,28.5
3/6/2020 12:32,A69-1602-58773,41.14015,-71.39193,50,31.5
3/6/2020 12:32,A69-1602-58766,41.14012,-71.39191,53,31.5
3/6/2020 12:33,A69-1602-58773,41.14009,-71.3919,50,32
3/6/2020 12:33,A69-1602-58766,41.14006,-71.39188,50,32.5
3/6/2020 12:34,A69-1602-58773,41.14004,-71.39188,54.5,32
3/6/2020 12:34,A69-1602-58770,41.14002,-71.39187,56,34
3/6/2020 12:35,A69-1602-58770,41.13995,-71.39183,49.5,32.5
3/6/2020 12:38,A69-1602-58773,41.13978,-71.39175,43.5,32.5
3/6/2020 12:39,A69-1602-58773,41.13972,-71.39172,56,34.5
3/6/2020 12:39,A69-1602-58770,41.13972,-71.39172,56,30.5
3/6/2020 12:40,A69-1602-58766,41.13971,-71.39171,44.5,27
3/6/2020 12:43,A69-1602-58773,41.13955,-71.39162,57,30.5
3/6/2020 12:43,A69-1602-58766,41.13953,-71.39162,47.5,30
3/6/2020 12:44,A69-1602-58766,41.13948,-71.39159,50,34.5
3/6/2020 12:48,A69-1602-58766,41.13928,-71.39149,47.5,33
3/6/2020 12:48,A69-1602-58770,41.13926,-71.39148,50.5,33.5
3/6/2020 12:49,A69-1602-58770,41.13921,-71.39146,46.5,32.5
3/6/2020 12:50,A69-1602-58770,41.13914,-71.39143,42.5,29
3/6/2020 12:51,A69-1602-58770,41.1391,-71.3914,44.5,29.5
3/6/2020 12:51,A69-1602-58766,41.13909,-71.3914,46.5,32.5
3/6/2020 12:52,A69-1602-58773,41.13905,-71.39137,49,30.5
3/6/2020 12:52,A69-1602-58766,41.13902,-71.39136,48,31.5
3/6/2020 12:54,A69-1602-58766,41.13896,-71.39133,50,29.5
3/6/2020 12:54,A69-1602-58770,41.13893,-71.39131,53.5,32
3/6/2020 12:55,A69-1602-58770,41.13886,-71.39128,45,28.5
3/6/2020 12:58,A69-1602-58773,41.13871,-71.3912,42,32
3/6/2020 13:00,A69-1602-58770,41.13863,-71.39116,38.5,30.5
3/6/2020 13:04,A69-1602-58766,41.13839,-71.39104,48,30.5
3/6/2020 13:05,A69-1602-58770,41.13835,-71.39102,48,30
3/6/2020 13:05,A69-1602-58766,41.13833,-71.39101,44.5,29
3/6/2020 13:06,A69-1602-58770,41.13826,-71.39098,41,32
3/6/2020 13:09,A69-1602-58773,41.13811,-71.3909,39,28.5
3/6/2020 13:11,A69-1602-58766,41.13803,-71.39086,44,30
3/6/2020 13:19,A69-1602-58770,41.13757,-71.39062,55.5,31.5
3/6/2020 13:22,A69-1602-58770,41.13744,-71.39056,45.5,29
3/7/2020 5:14,A69-9001-30188,41.06433,-71.47855,45,31
3/12/2020 17:17,A69-1602-58717,41.14637,-71.26217,41.5,27
3/12/2020 17:18,A69-1602-58717,41.14622,-71.26215,40,27
3/12/2020 17:22,A69-1602-58717,41.14557,-71.26211,44,29.5
3/12/2020 17:23,A69-1602-58717,41.14539,-71.26209,37,27.5
3/12/2020 17:24,A69-1602-58717,41.14525,-71.26208,40.5,29
3/12/2020 17:27,A69-1602-58717,41.14479,-71.26205,41.5,29
3/12/2020 17:29,A69-1602-58717,41.14443,-71.26202,38,30
3/12/2020 17:33,A69-1602-58717,41.14383,-71.26198,39.5,29
3/12/2020 17:35,A69-1602-58717,41.14351,-71.26195,40,27.5
3/12/2020 17:37,A69-1602-58717,41.14321,-71.26192,41,27.5
3/12/2020 17:42,A69-1602-58717,41.14246,-71.26187,41,27
3/13/2020 19:23,A69-1602-58772,41.01978,-71.24764,39.5,28.5
3/13/2020 19:31,A69-1602-58772,41.01894,-71.24794,48,29.5
3/13/2020 19:32,A69-1602-58772,41.01884,-71.24798,50.5,30
3/13/2020 19:33,A69-1602-58772,41.01871,-71.24802,49,31
3/13/2020 19:34,A69-1602-58772,41.01862,-71.24805,42.5,30.5
3/13/2020 19:35,A69-1602-58772,41.0185,-71.24809,43,30
3/13/2020 19:36,A69-1602-58772,41.01841,-71.24812,42.5,30
3/13/2020 19:40,A69-1602-58772,41.01804,-71.24825,48.5,32.5
3/13/2020 19:41,A69-1602-58772,41.01792,-71.2483,45.5,30.5
3/13/2020 19:43,A69-1602-58772,41.01774,-71.24836,64,35.5
3/13/2020 19:44,A69-1602-58772,41.01762,-71.2484,44,33
3/13/2020 19:45,A69-1602-58772,41.01753,-71.24843,57.5,33.5
3/13/2020 19:46,A69-1602-58772,41.01743,-71.24847,61.5,33.5
3/13/2020 19:47,A69-1602-58772,41.0173,-71.24851,62,33.5
3/13/2020 19:48,A69-1602-58772,41.01717,-71.24856,67,33
3/13/2020 19:49,A69-1602-58772,41.01707,-71.2486,69,35.5
3/13/2020 19:50,A69-1602-58772,41.01694,-71.24863,74.5,35.5
3/13/2020 19:52,A69-1602-58772,41.01684,-71.24867,75,35
3/13/2020 19:53,A69-1602-58772,41.0167,-71.24873,57,35
3/13/2020 19:55,A69-1602-58772,41.01643,-71.24882,65,35.5
3/13/2020 19:56,A69-1602-58772,41.01633,-71.24886,60,36
3/13/2020 19:58,A69-1602-58772,41.01618,-71.2489,58,35
3/13/2020 19:59,A69-1602-58772,41.01604,-71.24895,48,34.5
3/13/2020 20:00,A69-1602-58772,41.0159,-71.249,61.5,33.5
3/13/2020 20:03,A69-1602-58772,41.01567,-71.24908,51.5,33
3/13/2020 20:04,A69-1602-58772,41.01559,-71.24911,57.5,34
3/13/2020 20:05,A69-1602-58772,41.01544,-71.24916,47.5,34
3/13/2020 20:06,A69-1602-58772,41.01536,-71.24919,59,32.5
3/13/2020 20:06,A69-1602-58772,41.01529,-71.24921,57.5,33
3/13/2020 20:07,A69-1602-58772,41.01521,-71.24924,58,32
3/13/2020 20:09,A69-1602-58772,41.01502,-71.24931,44.5,32
3/13/2020 20:11,A69-1602-58772,41.01482,-71.24938,50,31
3/13/2020 20:12,A69-1602-58772,41.01473,-71.24941,48,32
3/13/2020 20:14,A69-1602-58772,41.01447,-71.2495,50.5,30.5
3/13/2020 20:15,A69-1602-58772,41.01439,-71.24953,46,30.5
3/13/2020 20:16,A69-1602-58772,41.01432,-71.24956,47.5,30
3/13/2020 20:21,A69-1602-58772,41.01377,-71.24975,40,29
3/13/2020 20:23,A69-1602-58772,41.01355,-71.24982,44.5,29
3/13/2020 20:24,A69-1602-58772,41.01344,-71.24986,44.5,27.5
3/17/2020 20:15,A69-9006-4619,41.16785,-71.34782,40,28.5
3/17/2020 20:16,A69-9006-4619,41.16789,-71.34771,49,28.5
3/17/2020 20:18,A69-9006-4619,41.16794,-71.34757,44,27.5
3/17/2020 20:19,A69-9006-4619,41.16799,-71.34743,40.5,29
3/17/2020 20:21,A69-9006-4619,41.16808,-71.34718,42,27.5
3/20/2020 1:46,A69-1602-58775,41.07583,-71.19054,45,26.5
3/20/2020 1:47,A69-1602-58775,41.07574,-71.19058,43,25.5
3/20/2020 1:51,A69-1602-58775,41.07532,-71.19076,36.5,24.5
3/20/2020 1:52,A69-1602-58775,41.07523,-71.1908,47.5,26
3/20/2020 1:54,A69-1602-58775,41.07508,-71.19086,42.5,25.5
3/20/2020 1:55,A69-1602-58775,41.07499,-71.1909,44.5,25.5
3/20/2020 1:57,A69-1602-58775,41.07477,-71.19099,41.5,25.5
3/20/2020 1:58,A69-1602-58775,41.07469,-71.19103,49,25.5
3/20/2020 1:59,A69-1602-58775,41.07459,-71.19107,44.5,25.5
3/20/2020 2:00,A69-1602-58775,41.07452,-71.1911,37.5,24.5
3/20/2020 2:01,A69-1602-58775,41.07443,-71.19114,44.5,26
3/20/2020 2:02,A69-1602-58775,41.07434,-71.19118,46.5,26
3/20/2020 2:03,A69-1602-58775,41.07427,-71.19121,45,25.5
3/20/2020 2:05,A69-1602-58775,41.07412,-71.19127,49,26
3/20/2020 2:06,A69-1602-58775,41.07402,-71.19131,46,26.5
3/20/2020 2:07,A69-1602-58775,41.0739,-71.19136,47.5,26
3/20/2020 2:08,A69-1602-58775,41.07378,-71.19141,48.5,26.5
3/20/2020 2:10,A69-1602-58775,41.07368,-71.19146,49.5,27
3/20/2020 2:11,A69-1602-58775,41.07358,-71.1915,53.5,29
3/20/2020 2:11,A69-1602-58775,41.07351,-71.19153,48,26.5
3/20/2020 2:12,A69-1602-58775,41.07345,-71.19156,51,27.5
3/20/2020 2:13,A69-1602-58775,41.07338,-71.19158,50,27.5
3/20/2020 2:14,A69-1602-58775,41.07331,-71.19161,52,28
3/20/2020 2:14,A69-1602-58775,41.07323,-71.19165,52.5,28.5
3/20/2020 2:15,A69-1602-58775,41.07314,-71.19169,54.5,27.5
3/20/2020 2:17,A69-1602-58775,41.07302,-71.19173,51.5,28
3/20/2020 2:18,A69-1602-58775,41.07292,-71.19178,55,35
3/20/2020 2:19,A69-1602-58775,41.07283,-71.19182,49,27.5
3/20/2020 2:20,A69-1602-58775,41.07272,-71.19186,49,28
3/20/2020 2:21,A69-1602-58775,41.07263,-71.1919,56.5,29.5
3/20/2020 2:22,A69-1602-58775,41.07251,-71.19195,56,30.5
3/20/2020 2:24,A69-1602-58775,41.0724,-71.192,55,29
3/20/2020 2:25,A69-1602-58775,41.0723,-71.19204,59,29.5
3/20/2020 2:26,A69-1602-58775,41.07222,-71.19208,56,30
3/20/2020 2:27,A69-1602-58775,41.07213,-71.19212,59.5,30
3/20/2020 2:28,A69-1602-58775,41.07202,-71.19216,53,36
3/20/2020 2:29,A69-1602-58775,41.07191,-71.19221,56,29.5
3/20/2020 2:30,A69-1602-58775,41.07183,-71.19224,59.5,31
3/20/2020 2:31,A69-1602-58775,41.07173,-71.19228,64,31
3/20/2020 2:32,A69-1602-58775,41.07166,-71.19231,65.5,30.5
3/20/2020 2:33,A69-1602-58775,41.07158,-71.19234,65.5,31.5
3/20/2020 2:34,A69-1602-58775,41.07148,-71.19239,64,31.5
3/20/2020 2:35,A69-1602-58775,41.07141,-71.19242,62,32
3/20/2020 2:36,A69-1602-58775,41.07134,-71.19245,61.5,32.5
3/20/2020 2:36,A69-1602-58775,41.07126,-71.19248,60,31.5
3/20/2020 2:38,A69-1602-58775,41.07116,-71.19253,65.5,31
3/20/2020 2:40,A69-1602-58775,41.07094,-71.19262,66,31
3/20/2020 2:42,A69-1602-58775,41.07072,-71.19271,60.5,33.5
3/20/2020 2:48,A69-1602-58775,41.07025,-71.19291,68.5,32.5
3/20/2020 2:49,A69-1602-58775,41.07015,-71.19296,65.5,32.5
3/20/2020 2:51,A69-1602-58775,41.06991,-71.19305,71.5,36.5
3/20/2020 2:57,A69-1602-58775,41.06943,-71.19326,65.5,33.5
3/20/2020 3:01,A69-1602-58775,41.06909,-71.19341,59.5,34
3/20/2020 3:06,A69-1602-58775,41.06857,-71.19363,55,32
3/20/2020 3:07,A69-1602-58775,41.0685,-71.19366,50.5,31
3/20/2020 3:08,A69-1602-58775,41.06842,-71.19369,57,32
3/20/2020 3:09,A69-1602-58775,41.06831,-71.19373,54.5,32
3/20/2020 3:10,A69-1602-58775,41.06824,-71.19376,49,31.5
3/20/2020 3:11,A69-1602-58775,41.06816,-71.1938,55,31.5
3/20/2020 3:12,A69-1602-58775,41.06805,-71.19385,51.5,30.5
3/20/2020 3:16,A69-1602-58775,41.06772,-71.19398,49,32
3/20/2020 3:17,A69-1602-58775,41.06762,-71.19402,57,31
3/20/2020 3:18,A69-1602-58775,41.06755,-71.19405,52.5,30.5
3/20/2020 3:20,A69-1602-58775,41.06732,-71.19415,43,30
3/20/2020 3:27,A69-1602-58775,41.06668,-71.19443,43.5,28.5
3/20/2020 3:29,A69-1602-58775,41.06656,-71.19447,45,29
3/20/2020 3:34,A69-1602-58775,41.06605,-71.19469,38.5,26
3/20/2020 3:40,A69-1602-58775,41.06558,-71.19489,34.5,25.5
3/20/2020 3:41,A69-1602-58775,41.06549,-71.19493,37.5,28.5
3/20/2020 3:42,A69-1602-58775,41.0654,-71.19497,44,28
3/20/2020 3:43,A69-1602-58775,41.06532,-71.195,41,28.5
3/20/2020 3:45,A69-1602-58775,41.06513,-71.19508,40.5,26.5
3/20/2020 4:12,A69-1602-58775,41.06363,-71.1956,66,36
3/20/2020 4:15,A69-1602-58775,41.06355,-71.19562,63,37.5
3/20/2020 4:17,A69-1602-58775,41.06347,-71.19563,52,32.5
3/20/2020 4:23,A69-1602-58775,41.06332,-71.19565,55.5,32
3/20/2020 4:25,A69-1602-58775,41.06326,-71.19566,49,35.5
3/20/2020 4:28,A69-1602-58775,41.06318,-71.19567,48.5,30.5
3/20/2020 4:29,A69-1602-58775,41.06314,-71.19568,47.5,30.5
3/20/2020 4:30,A69-1602-58775,41.06311,-71.19569,50.5,30.5
3/20/2020 4:33,A69-1602-58775,41.06303,-71.19569,42,29
3/20/2020 4:34,A69-1602-58775,41.063,-71.1957,44.5,29
3/20/2020 4:35,A69-1602-58775,41.06297,-71.19571,52.5,30
3/20/2020 4:36,A69-1602-58775,41.06294,-71.19571,51,29.5
3/20/2020 4:38,A69-1602-58775,41.06289,-71.19572,48,28.5
3/20/2020 4:39,A69-1602-58775,41.06286,-71.19572,42,28.5
3/20/2020 4:40,A69-1602-58775,41.06284,-71.19572,38.5,28.5
3/20/2020 4:41,A69-1602-58775,41.06281,-71.19573,44.5,28.5
3/20/2020 4:43,A69-1602-58775,41.06275,-71.19574,48,29
3/20/2020 4:47,A69-1602-58775,41.06262,-71.19576,42,28
3/20/2020 4:50,A69-1602-58775,41.06254,-71.19578,42.5,27.5
3/20/2020 4:57,A69-1602-58775,41.06233,-71.19581,39,26.5
3/20/2020 5:03,A69-1602-58775,41.06217,-71.19583,40.5,25.5
3/20/2020 5:04,A69-1602-58775,41.06213,-71.19584,39.5,26
3/20/2020 5:10,A69-1602-58775,41.06196,-71.19587,39,26.5
3/20/2020 5:17,A69-1602-58775,41.06176,-71.1959,38,25.5
3/20/2020 6:37,A69-1602-58775,41.05886,-71.19527,39,25
3/20/2020 11:10,A69-1602-58782,41.03165,-71.18682,38,28
3/20/2020 11:18,A69-1602-58782,41.03051,-71.18718,44.5,29
